relative_path,asset_class,include_status,size_bytes,sha256
.codex_generated_package,other,supporting_documentation,66,0ccd0f9cc692299c34889dbdf125923fc4173190abf819ca519cc38421746ed2
.gitignore,other,supporting_documentation,43,23478392e5b835445905d8333a938f6aa01b3995d52ab87c8afa0f0c7a9a4dd1
LICENSE.md,documentation,supporting_documentation,552,5cfe31c73d07e3983afa88efe60ce35d1bcfe67c44e8d7f05208f977c9438452
README.md,documentation,supporting_documentation,4010,bfae04ee22b955fd36f9417d31d3418d7ff30cbc02e6215aa7d45729f8c35337
code/notebooks_as_py/abs_data_analysis.py,code_candidate,candidate_include_after_manifest_and_license_review,645,05e382e25e5a3fcd113d23dcdecdc166585df4ffbb283a6a53e8f3dffbb4ebae
code/notebooks_as_py/finance2.py,code_candidate,candidate_include_after_manifest_and_license_review,7621,c08cacf42709f7722b010a38a443f3fb25e1856f0068d1e2aa0cd680f22f6529
code/notebooks_as_py/finance3.py,code_candidate,candidate_include_after_manifest_and_license_review,21999,ac66fd98379f7a757d3f711ee273aea4e911a86b0f002aa6be7be749f2af4850
code/notebooks_as_py/finance4.py,code_candidate,candidate_include_after_manifest_and_license_review,17401,a1e0ac0f1d77eae9e2a7f9b69109e350dd390f428d6f688aafe310c03cb1e783
code/notebooks_as_py/financial_analysis.py,code_candidate,candidate_include_after_manifest_and_license_review,12993,4102e32baf2b352d8ccdae1689c2d724baf0b46335f5e619776c28d840804536
code/notebooks_as_py/lva_1974.py,code_candidate,candidate_include_after_manifest_and_license_review,2623,dded5eb9ddf4dd4bae3ebe5d7a7b29dd6f4b9174db3f22c48de84ec200b6799a
code/notebooks_as_py/lva_2001.py,code_candidate,candidate_include_after_manifest_and_license_review,3941,a748a2ce7941fc11c63e30ce1c1b6df2866013808f1cc935c7f3ced471f4c3d3
code/notebooks_as_py/lva_2001_v2.py,code_candidate,candidate_include_after_manifest_and_license_review,2640,a9ea4033d34fb47ee8a3012966f7fe422b44a64e42a5cb43ad6691a6535c84eb
code/notebooks_as_py/lva_2056_stage1.py,code_candidate,candidate_include_after_manifest_and_license_review,2663,715e91241e7263e4f6b89a23adffb18caf70d0bbef56ce4473b4d85cbbf15ccb
code/notebooks_as_py/lva_2056_stage1_2.py,code_candidate,candidate_include_after_manifest_and_license_review,2705,4dcc787d3120e21ab9baa61a9803808fe6f5e7d12118669b1c1d265a7e06e6b5
code/notebooks_as_py/lva_alt_metro_v2.py,code_candidate,candidate_include_after_manifest_and_license_review,2928,de9b32ff3ee39177024fe0c5d5048101d5c9d686b8c025bbd7cbeeb35b21c629
code/notebooks_as_py/lva_alternative_metro.py,code_candidate,candidate_include_after_manifest_and_license_review,3499,4391a3493453ea03d8baedad616ea6cb5c4d969ddce9c1331a8ca9c45f008535
code/notebooks_as_py/lva_alternative_metro_lightrail_coogee.py,code_candidate,candidate_include_after_manifest_and_license_review,3537,4ef0de54c17654bf2bd75d4a33978d195471f8878415e757ed94c3ec4ac82565
code/notebooks_as_py/lva_alternative_metro_lightrail_maroubra.py,code_candidate,candidate_include_after_manifest_and_license_review,3543,0ae9ed806c585f87acea442210b1ea802d35427de872bfbd922a22075c5fc092
code/notebooks_as_py/lva_alternative_metro_lightrail_maroubra_coogee.py,code_candidate,candidate_include_after_manifest_and_license_review,3572,d3075cd65a8ffe3a11148acdeeeefefcd481955fc53da5dd1f34aa008995e9af
code/notebooks_as_py/lva_base.py,code_candidate,candidate_include_after_manifest_and_license_review,4434,f0101c3eaa2977b81495deb368f715ce3d2b92f67df6e80b4f708ae48bd7fcf1
code/notebooks_as_py/lva_bradfield_full.py,code_candidate,candidate_include_after_manifest_and_license_review,2653,28261e25e5daa9630d824e5b133fe3b9fe0f85cceb2adb38a7aaff08d12d5575
code/notebooks_as_py/lva_bradfield_malabar.py,code_candidate,candidate_include_after_manifest_and_license_review,2675,1810874d3e347e9b7e11ccb6b44fe49c1e0814320a6a629e0946ff0999793a38
code/notebooks_as_py/lva_bradfield_malabar_sydenham.py,code_candidate,candidate_include_after_manifest_and_license_review,2706,f347ff21b2f41b35d0747c66881bb5d4da815f77e28a04fc822fec97bd6dfbb2
code/notebooks_as_py/lva_bradfield_sydenham.py,code_candidate,candidate_include_after_manifest_and_license_review,2677,9c8788a07245d236a0069d21d3ee982fb555376775a90355f1a2625a0ca7b58c
code/notebooks_as_py/lva_bradfield_vaucluse.py,code_candidate,candidate_include_after_manifest_and_license_review,2677,2f6cd1d5a5e983300740757af54899e8c7f8df9856f0f099c88a50adfcbd8928
code/notebooks_as_py/lva_lightrail_extension.py,code_candidate,candidate_include_after_manifest_and_license_review,2645,211afa0a4e4709c96170985e7f156bfd93af2504c0fabc6ba349c6c8475a4af9
code/notebooks_as_py/lva_lightrail_extensive.py,code_candidate,candidate_include_after_manifest_and_license_review,2655,5b46ef9083ba2eace2256fecac5e16f525897a7953b2054cf441efe41d38a36c
code/notebooks_as_py/lva_lightrail_oxford_st.py,code_candidate,candidate_include_after_manifest_and_license_review,2667,57314e8d2f5677156a5a48798b2b2c7d29207943e647d5072fbd3e13453b7ce7
code/notebooks_as_py/lva_mills.py,code_candidate,candidate_include_after_manifest_and_license_review,2252,835bbf1e7980817aea88106cf12bb301bc1d77344d3e0eb20b43ac8ca01834ff
code/notebooks_as_py/lva_mills_metro.py,code_candidate,candidate_include_after_manifest_and_license_review,2683,8bdbf4a5434babb1fb2d93b91893130a82b3fe59d415f2ca15d23649a3359220
code/notebooks_as_py/lva_millsv2.py,code_candidate,candidate_include_after_manifest_and_license_review,2670,35ccb1758932b96c13e4783deadeb6f9cfa200fd630c6851d39197adc93ab33b
code/notebooks_as_py/property_data_nsw.py,code_candidate,candidate_include_after_manifest_and_license_review,7829,5fa361d14171a115ea33904a08e9615a2e354faee2d7f25174c320385bb65ff6
code/notebooks_as_py/property_data_nsw_v2.py,code_candidate,candidate_include_after_manifest_and_license_review,2438,5f83d4b5a1f4f374a6a72fef2eb2e2c72d641b1db9cbde9dc68a861eb8535ed4
code/notebooks_as_py/simple_regression.py,code_candidate,candidate_include_after_manifest_and_license_review,5070,b200c6948dd2056272145181b05f9fdfecacef51b858e821956872f06564e838
code/notebooks_as_py/thesiscode_1974_proposal.py,code_candidate,candidate_include_after_manifest_and_license_review,29829,bc1c1a14f127f6f69b936cd2f1dc07633fcc87a5dd5d94aa004e62417d57df6a
code/notebooks_as_py/thesiscode_2001_proposal.py,code_candidate,candidate_include_after_manifest_and_license_review,25724,64241be576e0f964eac51b0bdc8ab762cf83f9782131aed449dd13c7fa5c6e10
code/notebooks_as_py/thesiscode_2016_base.py,code_candidate,candidate_include_after_manifest_and_license_review,5916,f4f3f91274ad80befd314673a4d8559ee6dea9aa8ec8a16201d282c52ddb4ebf
code/notebooks_as_py/thesiscode_2017_base.py,code_candidate,candidate_include_after_manifest_and_license_review,5776,c3d84babd40cb6a9c9b9844e03a96522a0957955d8ddbf5d046cfd36f3205260
code/notebooks_as_py/thesiscode_2018_base.py,code_candidate,candidate_include_after_manifest_and_license_review,5773,7be61d1782be26e7048fa1717e8aef3468f66469bb7d7321e6478fb3c5298ad5
code/notebooks_as_py/thesiscode_2019_base.py,code_candidate,candidate_include_after_manifest_and_license_review,5762,5e1ee470b2776082df26a539985295f3b964a1d162e6627ec8e8f3eff445c3e8
code/notebooks_as_py/thesiscode_2056_alternate_metro.py,code_candidate,candidate_include_after_manifest_and_license_review,30871,dff74674dab618be5baab1e3a1e5882b14da7e566e017603e74bd8782b7ab075
code/notebooks_as_py/thesiscode_2056metro.py,code_candidate,candidate_include_after_manifest_and_license_review,30858,b6a8a911e71f2c79b85b43cdfb5befd2a5e496287d293c8b249e8ee165723354
code/notebooks_as_py/thesiscode_2056metro_stage2.py,code_candidate,candidate_include_after_manifest_and_license_review,24736,eb16803a5acceab1654a78f50887cf49977f3b6a8268bbfb35aa0a841d91a29b
code/notebooks_as_py/thesiscode_2056metro_v2.py,code_candidate,candidate_include_after_manifest_and_license_review,30891,6d83b582a74194e43f8ea09c93ea9711539895f4c63b6c425af3e378b9ebf291
code/notebooks_as_py/thesiscode_bradfield_proposal.py,code_candidate,candidate_include_after_manifest_and_license_review,60277,31a3d183f648593e15d52a0f88d7995d1185791475f237d2219b3e0bd5b48667
code/notebooks_as_py/thesiscode_bradfield_proposal_staged.py,code_candidate,candidate_include_after_manifest_and_license_review,60497,87318b13d017f506441ea87bb9145a16335a19ee477db7829efef52f09ac5ff5
code/notebooks_as_py/thesiscode_bradfield_proposal_staged_malabar.py,code_candidate,candidate_include_after_manifest_and_license_review,50516,37f6472454a298b11205c0c776ab124f1b78772d0d7439bc09b95a030c1fc9b7
code/notebooks_as_py/thesiscode_bradfield_proposal_staged_sydenham_and_malabar.py,code_candidate,candidate_include_after_manifest_and_license_review,50399,896053913775a9f2531a967b17b9cba7939532e1ba509e184e0b6d931f0e958e
code/notebooks_as_py/thesiscode_bradfield_proposal_staged_vaucluse.py,code_candidate,candidate_include_after_manifest_and_license_review,50885,959b4ec1176036be818d33f55cdd813191bd37daa36f7ca86f91d58b6a49420b
code/notebooks_as_py/thesiscode_lightrail.py,code_candidate,candidate_include_after_manifest_and_license_review,30859,fbf768bf3baad2a6ecf4014b479eddab45073e6f67ff8501f7395d614535c752
code/notebooks_as_py/thesiscode_lightrail_coogee.py,code_candidate,candidate_include_after_manifest_and_license_review,19741,72d16333938c8cd2112f6b46c027c834a922362e68dcd48cc2102aedcb2af103
code/notebooks_as_py/thesiscode_lightrail_coogee_altmetro.py,code_candidate,candidate_include_after_manifest_and_license_review,19801,1d85a009d0e8589487e22f80d41cd7bd9e9fb22460201d7e70dcfadb404d1377
code/notebooks_as_py/thesiscode_lightrail_extensive.py,code_candidate,candidate_include_after_manifest_and_license_review,21406,2e7f358736fc74fa26196dcb5fbf09689f02e910f2d0f46c27751e0e5cabf183
code/notebooks_as_py/thesiscode_lightrail_oxfordst.py,code_candidate,candidate_include_after_manifest_and_license_review,19767,753eb6988e86a52900c16e63d0adb4c519c0a7a2e8990d471304c51c9b2f6cc7
code/notebooks_as_py/thesiscode_lightrail_plus_altmetro.py,code_candidate,candidate_include_after_manifest_and_license_review,30940,69152df28f74df5a24a24e54995595ce1ffddf3238f3d9043a7cfa5807d80da1
code/notebooks_as_py/thesiscode_mills_plan.py,code_candidate,candidate_include_after_manifest_and_license_review,25892,a3ce538926e12bb7b28d09c264de6c71245fb076bd6b77a1aa381f0804f64567
code/notebooks_as_py/thesiscode_mills_plan_metro.py,code_candidate,candidate_include_after_manifest_and_license_review,25959,a948a842b1d28758d96c0174b6e51b9894b72cfb318462a2d7afb684155ccab0
code/notebooks_as_py/thesiscode_mills_plan_metro_v2.py,code_candidate,candidate_include_after_manifest_and_license_review,25962,f5336a6ac4ba88472983a98440a4dd1465e451a04dc3ed0c7700bb4f10fda5e1
code/notebooks_as_py/thesiscode_millsv2.py,code_candidate,candidate_include_after_manifest_and_license_review,22279,dd96ec12fde513c0f7a316452c22ef63a881f13d46870e7081f5ab5e79cf2009
code/notebooks_as_py/thesiscode_sydney_metro_west_edit.py,code_candidate,candidate_include_after_manifest_and_license_review,5867,06bae78801d93b412cbca8e69439cdcc4ac61e15215dc1184093f33338ec5b7d
code/notebooks_stripped/ABS_DATA_ANALYSIS.ipynb,code_candidate,candidate_include_after_manifest_and_license_review,2112,446feda80421cb5c29bf681d7b419687fe078d4e6f534500b112b612faa4d893
code/notebooks_stripped/Finance2.ipynb,code_candidate,candidate_include_after_manifest_and_license_review,13713,275e9ab1a53cadadf03915dce6632ff8cce03f64efdbe8a27d46347a06fa647e
code/notebooks_stripped/Finance3.ipynb,code_candidate,candidate_include_after_manifest_and_license_review,37679,67e91addfd8f4d6b10892f26649a1c6ee457b25c7bcb898002fe093aa1281972
code/notebooks_stripped/Finance4.ipynb,code_candidate,candidate_include_after_manifest_and_license_review,31084,f7c20cfcf12b43b8313a1feab56329e26b1d798f6f379403c47a4365ee78b0c8
code/notebooks_stripped/Financial_Analysis.ipynb,code_candidate,candidate_include_after_manifest_and_license_review,25409,effc84d63be03cb857148279fc849eb59d33d6c9fc12c7d7e3373a74ac5f98af
code/notebooks_stripped/Property_data_NSW.ipynb,code_candidate,candidate_include_after_manifest_and_license_review,15585,175728624ab9da2fbf24136b9e4b5ff5019b2e11065f7252cd5f5728771712a8
code/notebooks_stripped/Property_data_NSW_V2.ipynb,code_candidate,candidate_include_after_manifest_and_license_review,5498,308753b4bb8b710f36f0692209c9072fad5319586225522ecd766e9077ab1dfb
code/notebooks_stripped/Simple Regression.ipynb,code_candidate,candidate_include_after_manifest_and_license_review,8606,1c1a66e23d1c4c0d07df57fe4acb50ce910e09cbfd648a487ea01597d824d79e
code/notebooks_stripped/THESISCODE 1974 Proposal.ipynb,code_candidate,candidate_include_after_manifest_and_license_review,46951,5d4f7f16ca06447a1680b1086aa2720974c6ca80db630529717464a6dc529287
code/notebooks_stripped/THESISCODE 2001 Proposal.ipynb,code_candidate,candidate_include_after_manifest_and_license_review,41920,e4d3a190860393a35d11f223e14b7f7268af2eb1b276ab5dd340d0878729952b
code/notebooks_stripped/THESISCODE 2016 Base.ipynb,code_candidate,candidate_include_after_manifest_and_license_review,13108,299884e7e7f42a91bf1d63e4d3173cb94c76250344857537020730bdc0a1aa7b
code/notebooks_stripped/THESISCODE 2017 Base.ipynb,code_candidate,candidate_include_after_manifest_and_license_review,12800,1948c970062b945ecb7e809d7df854ab34c11d20b8f4d56d5ddcc2d4742b4c6c
code/notebooks_stripped/THESISCODE 2018 Base.ipynb,code_candidate,candidate_include_after_manifest_and_license_review,12797,cd04106cb65a143fe51ca9564b4b7636993ee44d78dd04a0f5aaebb767a2f4ab
code/notebooks_stripped/THESISCODE 2019 Base.ipynb,code_candidate,candidate_include_after_manifest_and_license_review,12776,53c0dedb401e65afe8da51b83aa00ad22e2a041ff98aedc8b35196aa9ec40166
code/notebooks_stripped/THESISCODE 2056Metro-Stage2.ipynb,code_candidate,candidate_include_after_manifest_and_license_review,38543,344f23cfb4f2eb34336f2f528ee5f26cf8b8941411936d9a6f91bb956123323e
code/notebooks_stripped/THESISCODE 2056Metro.ipynb,code_candidate,candidate_include_after_manifest_and_license_review,45552,e9c643379f480e2c433e7f08f6b945c8923572931b5067846c607b0b932cce78
code/notebooks_stripped/THESISCODE 2056Metro_v2.ipynb,code_candidate,candidate_include_after_manifest_and_license_review,45600,ef4846e7f19bd66e15604f5aa6c8a9bdc9254a5cd53cb963ad7dcee4b61f62cd
code/notebooks_stripped/THESISCODE 2056_alternate_metro.ipynb,code_candidate,candidate_include_after_manifest_and_license_review,45554,59d04dd156cc624b778919e99a8c6a1d88781acdc64bcfe0b5b9a3fa2897f7c4
code/notebooks_stripped/THESISCODE Bradfield Proposal Staged-sydenham and malabar.ipynb,code_candidate,candidate_include_after_manifest_and_license_review,71295,1d39ff3ef27fbd708450617001fd3151db576c8c1a773082eda33688af5cf1b5
code/notebooks_stripped/THESISCODE Bradfield Proposal Staged.ipynb,code_candidate,candidate_include_after_manifest_and_license_review,85145,ac59887bedf27af485a7c216aa812359a549dd7eaf4cac906a9fa565fd0c3630
code/notebooks_stripped/THESISCODE Bradfield Proposal Staged_malabar.ipynb,code_candidate,candidate_include_after_manifest_and_license_review,71590,d76bfc09a9951dfa06154a8057e9b31bca4cd0cae48b64bbdb079b1571fd4c78
code/notebooks_stripped/THESISCODE Bradfield Proposal Staged_vaucluse.ipynb,code_candidate,candidate_include_after_manifest_and_license_review,72288,b05220e341da0bfd1603db6a5760ba9604ac4cd12ba2c67ce186d830a719ecd4
code/notebooks_stripped/THESISCODE Bradfield Proposal.ipynb,code_candidate,candidate_include_after_manifest_and_license_review,84706,d4d93985a7dbe11eb9efcbb53ea373de6e2d262087da2aaa998b2509e98e3bd8
code/notebooks_stripped/THESISCODE Lightrail-Coogee.ipynb,code_candidate,candidate_include_after_manifest_and_license_review,33455,6138f0d9a75988cba93c5d08335c99979852ef9055365566dde289746844f6d9
code/notebooks_stripped/THESISCODE Lightrail-Coogee_altmetro.ipynb,code_candidate,candidate_include_after_manifest_and_license_review,33506,5f0467232b5d1156ee48de4e938de95d22400a99654eb9df9816979b31ff2929
code/notebooks_stripped/THESISCODE Lightrail-OxfordSt.ipynb,code_candidate,candidate_include_after_manifest_and_license_review,33627,85d0f60084d98dc6e0cc2278aef8add2adba274a72b04a9ed9fdb25b4c6a4e8e
code/notebooks_stripped/THESISCODE Lightrail-extensive.ipynb,code_candidate,candidate_include_after_manifest_and_license_review,36539,9c6766ecbae8d67d403550258ed27998dd16184c49469dc9c2dd54486b759d8a
code/notebooks_stripped/THESISCODE Lightrail.ipynb,code_candidate,candidate_include_after_manifest_and_license_review,45435,0b1342414ddec93f71d010f6ba479e23116c898e08d156c4e3759c2f53c82a07
code/notebooks_stripped/THESISCODE Lightrail_plus_altmetro.ipynb,code_candidate,candidate_include_after_manifest_and_license_review,45502,d488398e16b4081d109e9ceb7cbf2d72b2eb8225b441ba234879486a461227ef
code/notebooks_stripped/THESISCODE Mills Plan.ipynb,code_candidate,candidate_include_after_manifest_and_license_review,40782,3f68525715f3b5337bd768842dfb4022c70a3a7a1b2bc6dc3088eebf889b389a
code/notebooks_stripped/THESISCODE Mills Plan_metro.ipynb,code_candidate,candidate_include_after_manifest_and_license_review,40843,de0c0f366c18c350c48ce622c52f1e67c380d299cafdeb52094bfb5e8c7d2249
code/notebooks_stripped/THESISCODE Mills Plan_metro_v2.ipynb,code_candidate,candidate_include_after_manifest_and_license_review,40843,5b51bc102c26eaca6974f619693258944df769c2c3c792c050bd8ed05d796058
code/notebooks_stripped/THESISCODE Millsv2.ipynb,code_candidate,candidate_include_after_manifest_and_license_review,37079,d48eadd304f3aa6b8cddec3b4c172bc2e0916e66c921b552dc2801f808423310
code/notebooks_stripped/THESISCODE Sydney Metro West edit.ipynb,code_candidate,candidate_include_after_manifest_and_license_review,12623,a5133ec0a8ef305d7620913682f9b017dabdf72ec83e0e1e89b985324bfc99f3
code/notebooks_stripped/lva_1974.ipynb,code_candidate,candidate_include_after_manifest_and_license_review,5057,0a6de2dabfa5d921fb10dfda302240551be7f7960deda7dfbd88826861834783
code/notebooks_stripped/lva_2001.ipynb,code_candidate,candidate_include_after_manifest_and_license_review,8740,7c74d57dc1947077c8eba6f2f2216ac1f0ffc62152a4ac52e805ab231a2044a8
code/notebooks_stripped/lva_2001_v2.ipynb,code_candidate,candidate_include_after_manifest_and_license_review,5219,0d86e696f882c89b3c0eea825eb974094113e225eaffafd5987f38d86d3ec551
code/notebooks_stripped/lva_2056_stage1&2.ipynb,code_candidate,candidate_include_after_manifest_and_license_review,5437,46f2be2edc28f81e95b301b7c7edd6f5d6ba44b21a8b892be9c97b3e20aef8cd
code/notebooks_stripped/lva_2056_stage1.ipynb,code_candidate,candidate_include_after_manifest_and_license_review,5238,ffde71d51e6387bd4d287884ded3d4338d13d073824124f3a94d9cf7c17e84c9
code/notebooks_stripped/lva_Bradfield_full.ipynb,code_candidate,candidate_include_after_manifest_and_license_review,5077,3c56add8f3bf82c79424477b2fd17e8838783f1c7f23ed1257a5794e1a8815e2
code/notebooks_stripped/lva_Bradfield_malabar&sydenham.ipynb,code_candidate,candidate_include_after_manifest_and_license_review,5109,fe745ce24c4767ada73499d7f6a640e3fe093795ad4eb55f36df67452ee0bc7d
code/notebooks_stripped/lva_Bradfield_malabar.ipynb,code_candidate,candidate_include_after_manifest_and_license_review,5096,8e2914bc588d48a02d1f62e4dce0f8bd40968593aad9bed2b438913dc5fda2e8
code/notebooks_stripped/lva_Bradfield_sydenham.ipynb,code_candidate,candidate_include_after_manifest_and_license_review,5097,490d072c40be342eb39352eb637809ee47a0f3194d15a2dd5e83b339a4bc4750
code/notebooks_stripped/lva_Bradfield_vaucluse.ipynb,code_candidate,candidate_include_after_manifest_and_license_review,5097,dbf0fa18f3a288da7d2713ec348395962ead1fed1156672054e293f3c024c677
code/notebooks_stripped/lva_Mills.ipynb,code_candidate,candidate_include_after_manifest_and_license_review,4647,51dbc114c77d50eac8169c0e497e9464fc287e9b0ed17c5707ca0b7abf528243
code/notebooks_stripped/lva_Mills_metro.ipynb,code_candidate,candidate_include_after_manifest_and_license_review,5110,b1beb87195554c1964808bc160ff663af904e5ed7f48271c17e8835b4decba61
code/notebooks_stripped/lva_Millsv2.ipynb,code_candidate,candidate_include_after_manifest_and_license_review,5240,7b1d82fd06b87a3058ccd786635bbecc7edb2bae204ffcd34b1b5e053431a243
code/notebooks_stripped/lva_alt_metro_v2.ipynb,code_candidate,candidate_include_after_manifest_and_license_review,6156,9281b9ef023f82937495b34dd20fe46fed9a3d6494cd08715116e73eaa2a1c89
code/notebooks_stripped/lva_alternative_metro.ipynb,code_candidate,candidate_include_after_manifest_and_license_review,7779,8722d017026d81088f2caca6c6360448c967f95c4a937c7f23b94e8e1e227f5e
code/notebooks_stripped/lva_alternative_metro_lightrail_coogee.ipynb,code_candidate,candidate_include_after_manifest_and_license_review,7800,e03618ba28f478332ac0de8ab1c24a9780dfb7a767091f2a06bc22ef1b03717c
code/notebooks_stripped/lva_alternative_metro_lightrail_maroubra.ipynb,code_candidate,candidate_include_after_manifest_and_license_review,7804,1a1aa4b2907a52aa41d84907c827d064eae208e97cac3e749b546d42fccca31e
code/notebooks_stripped/lva_alternative_metro_lightrail_maroubra_coogee.ipynb,code_candidate,candidate_include_after_manifest_and_license_review,7826,26398f10300fd367d67634c7e57846cb1c0d203bc93eabc727f256d7caa7c843
code/notebooks_stripped/lva_base.ipynb,code_candidate,candidate_include_after_manifest_and_license_review,8500,209732b5c7d703d9d014ebdc15faa8f601e5944dabf2f5a26bd3cad7239f1ce4
code/notebooks_stripped/lva_lightrail_extension.ipynb,code_candidate,candidate_include_after_manifest_and_license_review,5064,ce3a2d1ec8c29df789a887d973ee06150b7b507699f2ada982ac06b0ffa119e6
code/notebooks_stripped/lva_lightrail_extensive.ipynb,code_candidate,candidate_include_after_manifest_and_license_review,5074,0799f02b94ccb6e27eeff60a6773ebb584d86e83a5d455c5f8fd0599f7b7ad5c
code/notebooks_stripped/lva_lightrail_oxford_st.ipynb,code_candidate,candidate_include_after_manifest_and_license_review,5086,e544c11db0c8c0c212ab5ffcff9cd27f4bd84c5f8284e60cdb8e54ccb5eb0c94
code/reconstruct_full_gtfs_with_shapes.py,code_candidate,candidate_include_after_manifest_and_license_review,5093,0a05639983c702bfab8ed7ec01a899307d45f9bdc86b7b24d470faff7f9d22e2
data/gtfs_shapes_deduplicated/09a7e77e2f0eb394/component.json,data_candidate,candidate_include_after_manifest_and_license_review,672,4cab9b2dc9ac9d22afe0d0d9ce852b82ec880292552718bacbe299b15f54b9f2
data/gtfs_shapes_deduplicated/09a7e77e2f0eb394/shapes.txt.gz.part01,data_candidate,candidate_include_after_manifest_and_license_review,94371840,c5342983ccb3a3012f4856875683b9f08355ea62e52641bbbcac30b37250ad04
data/gtfs_shapes_deduplicated/09a7e77e2f0eb394/shapes.txt.gz.part02,data_candidate,candidate_include_after_manifest_and_license_review,94371840,f44f5bf79727b5803564f04f604d07078e8840480ef9358a2bc7925f06375da0
data/gtfs_shapes_deduplicated/09a7e77e2f0eb394/shapes.txt.gz.part03,data_candidate,candidate_include_after_manifest_and_license_review,55640448,a5a2a1a186b40a3320a60b1a7eb151ade5ab563d41d2d57f398e53821c0d8c96
data/gtfs_shapes_deduplicated/1b7d735293f406c6/component.json,data_candidate,candidate_include_after_manifest_and_license_review,675,25b4ad389d841ecbd7f08dd8c4e94b76367f81cb74a95e97d9356d30283548d7
data/gtfs_shapes_deduplicated/1b7d735293f406c6/shapes.txt.gz.part01,data_candidate,candidate_include_after_manifest_and_license_review,94371840,2f4ef8c767f6beceec18ca4715290eea72aa5d1fd61ffb0114d64dfafdf5aecd
data/gtfs_shapes_deduplicated/1b7d735293f406c6/shapes.txt.gz.part02,data_candidate,candidate_include_after_manifest_and_license_review,94371840,f14f0ecfd93797a458936f028c43770b1ce271822b071507bfc74028cfb24523
data/gtfs_shapes_deduplicated/1b7d735293f406c6/shapes.txt.gz.part03,data_candidate,candidate_include_after_manifest_and_license_review,55566727,af9e459f7ff1302726df97e6a3f27b4ae75f45733efb1b8c496e8759ad75ad50
data/gtfs_shapes_deduplicated/a8fc638492806b0f/component.json,data_candidate,candidate_include_after_manifest_and_license_review,660,b7fc5e5c706cc5030f2df049215a15affc1dda275e7dd621732b82d96c243e04
data/gtfs_shapes_deduplicated/a8fc638492806b0f/shapes.txt.gz.part01,data_candidate,candidate_include_after_manifest_and_license_review,94371840,04a3db070a3d403c8a32887f629c09ffa2ee049c559b774140e0b75f8a6d4bf1
data/gtfs_shapes_deduplicated/a8fc638492806b0f/shapes.txt.gz.part02,data_candidate,candidate_include_after_manifest_and_license_review,94371840,00e18a5df46d3d695d0e62c56209ba18d2b8e7b5cde3a583185b48a7939516cb
data/gtfs_shapes_deduplicated/a8fc638492806b0f/shapes.txt.gz.part03,data_candidate,candidate_include_after_manifest_and_license_review,68821396,a000e60ae10326ba68671ff332808eda37b4d9baaf800cb43ae30634cc645a7c
data/results_and_gis/1974 Proposal/1974 30 min accessibility v2.csv,data_candidate,candidate_include_after_manifest_and_license_review,150070,76d36298aae1b95cee02fc55865fc6bc2a7606a41dbcc414f0c3a375083c38e0
data/results_and_gis/1974 Proposal/1974 45 min accessibility v2.csv,data_candidate,candidate_include_after_manifest_and_license_review,152861,a97a77598fe0a3198af6a8a1e78a385d5d4eaffdab5e574e9a92849f107d83ab
data/results_and_gis/1974 Proposal/1974 45mins.qpt,data_candidate,candidate_include_after_manifest_and_license_review,88907,826a02a5aced8e5ca6726ced743794bef3031e0f466506a07c7a8304daa1e153
data/results_and_gis/1974 Proposal/1974 60 min accessibility v2.csv,data_candidate,candidate_include_after_manifest_and_license_review,152567,3c7068dbb5a9578ff4e647509d3580d0e8f645fd732b860b97f6b73b23219e92
data/results_and_gis/1974 Proposal/1974 LVA.csv,data_candidate,candidate_include_after_manifest_and_license_review,388314,43bc8c87cd2d9d9636917335e34fe42e2a9a4764f3779668c0efa4ff8b6ed23a
data/results_and_gis/1974 Proposal/1974 LVA.xlsm,data_candidate,candidate_include_after_manifest_and_license_review,477476,ede5e9a7d9d250d9217814115cc111b1067c76efc5cc90cae25f3f0fced06806
data/results_and_gis/1974 Proposal/1974 LVA_v2.csv,data_candidate,candidate_include_after_manifest_and_license_review,359455,05f586217c1eddf0be93746119230d096683f1e9938d3638c3cb7960a0d7e54a
data/results_and_gis/1974 Proposal/Accessibility Map 1974.qgz,data_candidate,candidate_include_after_manifest_and_license_review,48183,dd48b3be324d66d531123c81b513d228a58a84b6aeb2b347d1b108e58f26abb5
data/results_and_gis/1974 Proposal/Accessibility Map 1974v2.qgz,data_candidate,candidate_include_after_manifest_and_license_review,56123,f5dfd0c5673a0a918ebdb537585c8e0fce592327f3180be383359e191bcda0d8
data/results_and_gis/1974 Proposal/TravelZone_Uplift.csv,data_candidate,candidate_include_after_manifest_and_license_review,309326,013c8b612303076e56f8cc42e0fe0464d135b51f69caee9582159e2f52419941
data/results_and_gis/2001 Proposal/2001 30 min accessibility.csv,data_candidate,candidate_include_after_manifest_and_license_review,150030,baae4a87931ea251319a0c3a9b1b78aa2b48c83a94bba422e7457e89cc6df45f
data/results_and_gis/2001 Proposal/2001 45 min accessibility.csv,data_candidate,candidate_include_after_manifest_and_license_review,152636,4a0c8d3df79ba6ccbb430ec66f046fec2e5d996beb6ed43f8f4425ecd97f98d8
data/results_and_gis/2001 Proposal/2001 60 min accessibility.csv,data_candidate,candidate_include_after_manifest_and_license_review,151542,54799768f87e651869fcf2683404bd81b2c09bcdaf588b023f32d8ffe6d69803
data/results_and_gis/2001 Proposal/2001 LVA.xlsm,data_candidate,candidate_include_after_manifest_and_license_review,460642,464e8f7033c907b7d3f65350ff61d8af4073030cf96e8f9a4b79bd818dbb2128
data/results_and_gis/2001 Proposal/2001 LVAv2.csv,data_candidate,candidate_include_after_manifest_and_license_review,367311,6940fae58838fb86ac21dad34d60f4d601cc29cac7a964beaed3bfef88a2c4ca
data/results_and_gis/2001 Proposal/2001 LVAv2.xlsm,data_candidate,candidate_include_after_manifest_and_license_review,317788,41ab6f529d8d27b7044c82fe384910de0f2ce31c3a062681dd9d76cbad02c3d5
data/results_and_gis/2001 Proposal/2001 template.qpt,data_candidate,candidate_include_after_manifest_and_license_review,74528,c65fc6d1997cc957a18a6c973dbfe2127e0dc84f511f1ca2b917b069ca78a88a
data/results_and_gis/2001 Proposal/AM LR Option 1.gpkg,data_candidate,candidate_include_after_manifest_and_license_review,106496,364abd8a1801c9eb2287d6bbc39347ad30b51bd7b60dd0025e09b5473b21c836
data/results_and_gis/2001 Proposal/Accessibility Map 2001 LVA.qgz,data_candidate,candidate_include_after_manifest_and_license_review,147796,fc8ec8f1fb85083c6a2e8062d7436d892d1bc43320ef590d48d61a05e653ec69
data/results_and_gis/2001 Proposal/Accessibility Map 2001.qgz,data_candidate,candidate_include_after_manifest_and_license_review,45498,d88fd2d15809693e921ba9848454e6e236ce9096fcf3354516bb883c40cbba47
data/results_and_gis/2001 Proposal/Accessibility Map 2001v2.qgz,data_candidate,candidate_include_after_manifest_and_license_review,74751,20fa147c8d79a304f2e81ed99827219ae5c71eb90f7d4d580291a29c1899f4c8
data/results_and_gis/2001 Proposal/Coogee Option.gpkg,data_candidate,candidate_include_after_manifest_and_license_review,106496,6796d9a6111270723377b81d3803eb35492f434249d148d52a003da2572be7f8
data/results_and_gis/2001 Proposal/Maroubra Option.gpkg,data_candidate,candidate_include_after_manifest_and_license_review,106496,f490e353b3b944015f2ca5baa8e75c90aa3ebadbca258c26e5e18bc1c818bac2
data/results_and_gis/2001 Proposal/TravelZone_Uplift.csv,data_candidate,candidate_include_after_manifest_and_license_review,306873,28e9e40520567449d076f1450797240fefc7a745d6b5f0c50cfc85624122aa0d
data/results_and_gis/2001 Proposal/opportunities_2001_30mins.csv,data_candidate,candidate_include_after_manifest_and_license_review,86737,4b339e42011e9e114fb84130018c4317f6ed071f7461dd2ef59abb72be81780c
data/results_and_gis/2001 Proposal/opportunities_2001_60mins.csv,data_candidate,candidate_include_after_manifest_and_license_review,96500,347f79c573eee7687edde900d8064bf303a200522759fed83073539be94eee4e
data/results_and_gis/2056 Stage 1/2056 Metro Stage 1 LVA v2.csv,data_candidate,candidate_include_after_manifest_and_license_review,290732,eb87a2f8250e4b92d63e84f14e3c5c4f715c8cce4dddd47718ac3e085b0d6631
data/results_and_gis/2056 Stage 1/2056 Metro Stage 1 LVA.xlsm,data_candidate,candidate_include_after_manifest_and_license_review,469170,eb4274d5a119931fb9998f163e09c86dd47d0b56b395f968cf21af2eb47c23ab
data/results_and_gis/2056 Stage 1/2056 Stage 1 30 mins.csv,data_candidate,candidate_include_after_manifest_and_license_review,88074,f96948af46664c62ed96ece5c2c59908f0b12b8d281a868b4fe131f7d3fe4899
data/results_and_gis/2056 Stage 1/2056 Stage 1 60 mins.csv,data_candidate,candidate_include_after_manifest_and_license_review,101229,6894cc11625d2dc3c2fe6773c9a80df06236649a3548b2b4f32f4c77938951c3
data/results_and_gis/2056 Stage 1/2056 Stage 1v2 30 mins.csv,data_candidate,candidate_include_after_manifest_and_license_review,150439,f1350fd979d7a9ae6749ea74ffd46e7401006d34813dbdcc90d970b468703cf1
data/results_and_gis/2056 Stage 1/2056 Stage 1v2 45 mins.csv,data_candidate,candidate_include_after_manifest_and_license_review,153523,57e62d00aee3dcd07f42cdaad29c2297fd11814e7d2ff702731fabe672d0941b
data/results_and_gis/2056 Stage 1/2056 Stage 1v2 60 mins.csv,data_candidate,candidate_include_after_manifest_and_license_review,154390,604fa9a7f6177f49a3ce4a26753082df6ed4db62018ecbf1d527dafae7cb1a3c
data/results_and_gis/2056 Stage 1/Accessibility Map 2056.qgz,data_candidate,candidate_include_after_manifest_and_license_review,218818,5e26dc3f087a21ebb93ef3d6c5ca7a89a441955bd4ae5be820eb2318754a9087
data/results_and_gis/2056 Stage 1/Metro 2056.qpt,data_candidate,candidate_include_after_manifest_and_license_review,129030,6ac5c1ca601c90c6e25e7158768c06f3da6d7c95293a877decf78f7367740814
data/results_and_gis/2056 Stage 1/Metro Stage 1&2.qpt,data_candidate,candidate_include_after_manifest_and_license_review,160581,25b575e6c38ef7aecdbc3457a240aee6f3b0f2258469889bfe61e112614808ca
data/results_and_gis/2056 Stage 1/V2/2056 Metro Stage 1 LVA v3.csv,data_candidate,candidate_include_after_manifest_and_license_review,296177,babd026a758b7e459b32c86e68796d172ff93313b632d9a7a24710218fbf0d5d
data/results_and_gis/2056 Stage 1/V2/2056 Stage 1v3 30 mins.csv,data_candidate,candidate_include_after_manifest_and_license_review,152600,51b8e74a40fc6cefdc3a5c2bd0d3ea49ff2d443f8f2f2f8355a038ee500393e4
data/results_and_gis/2056 Stage 1/V2/2056 Stage 1v3 45 mins.csv,data_candidate,candidate_include_after_manifest_and_license_review,156349,226f9183aada75f61779f66c906bf59f9549aaa9d862ac3911541718377b6d7e
data/results_and_gis/2056 Stage 1/V2/2056 Stage 1v3 60 mins.csv,data_candidate,candidate_include_after_manifest_and_license_review,158252,f4e39f417146b59c57cf5f66825e96dd0d3e901b49d3aa540f4258bd228b81d0
data/results_and_gis/2056 Stage 1/V2/TravelZone_Uplift.csv,data_candidate,candidate_include_after_manifest_and_license_review,337033,2455101422c4558c0f5c3e9e9bfc80019bd2c259fb945a1b44d9da363031ac8a
data/results_and_gis/2056 Stage 2/2056 Metro Stage 1&2 LVA v2.csv,data_candidate,candidate_include_after_manifest_and_license_review,291085,0ee425c9ad2e7386f0da9ccf586dcdef9916fbb5e56561df563ea4427585a7c4
data/results_and_gis/2056 Stage 2/2056 Metro Stage 1&2 LVA.xlsm,data_candidate,candidate_include_after_manifest_and_license_review,469955,84cdc0c264d8519c493a0cef64fd1dbaa2fde1a134123f2098de8a782349fb09
data/results_and_gis/2056 Stage 2/2056 Stage 2 30 Mins.csv,data_candidate,candidate_include_after_manifest_and_license_review,140069,f0156e72223c3b7212269f6f91514036dd2f51cd6651ac681fa77f2e027d9eaa
data/results_and_gis/2056 Stage 2/2056 Stage 2 60 Mins.csv,data_candidate,candidate_include_after_manifest_and_license_review,163389,de11315bdad61e9f2d76a7c698d13a52be8021fe6e5f78512e548d27d8ab1cf4
data/results_and_gis/2056 Stage 2/2056 Stage 2v2 60 mins.csv,data_candidate,candidate_include_after_manifest_and_license_review,161036,9da40773ce2b680a2f0fc7100958c32fe7c571ae08775a9c748f350f9bec12eb
data/results_and_gis/2056 Stage 2/2056 Stage2v2 30 mins.csv,data_candidate,candidate_include_after_manifest_and_license_review,150518,e499b2f87273f3279a69ebb9a45114a6ce60347076ff0e0cd283ff887441b0f7
data/results_and_gis/2056 Stage 2/2056 Stage2v2 45 mins.csv,data_candidate,candidate_include_after_manifest_and_license_review,160126,9147b060dd579281772675cd035200bbf3ddb486c6b64f1b8383ea10bccc51cd
data/results_and_gis/2056 Stage 2/V2/2056 Metro Stage 1&2 LVA v3.csv,data_candidate,candidate_include_after_manifest_and_license_review,297019,8f55ee060f5e0efd341a19b0365422a52402b490615672d2e41fbc9a2bf02370
data/results_and_gis/2056 Stage 2/V2/2056 Stage 2v3 60 mins.csv,data_candidate,candidate_include_after_manifest_and_license_review,158296,60ce4dfc84f5c66083dcc6904e7f3758b627c68522110a8732f82ae6774536a3
data/results_and_gis/2056 Stage 2/V2/2056 Stage2v3 30 mins.csv,data_candidate,candidate_include_after_manifest_and_license_review,152665,2a2d12dc209b7144a681ed422cca9f6a4e791b1ad0e361f43926027378234873
data/results_and_gis/2056 Stage 2/V2/2056 Stage2v3 45 mins.csv,data_candidate,candidate_include_after_manifest_and_license_review,156434,a645667211da038e2e9e2289ccba2599c30016aa760d09cd635c327333645116
data/results_and_gis/2056 Stage 2/V2/TravelZone_Uplift.csv,data_candidate,candidate_include_after_manifest_and_license_review,336722,c9961cedc9bbafca068417b92190967eb811119bdb2ffa60c6e39c8acb663bcf
data/results_and_gis/Alternative Metro/30 Mins_alt_metro.csv,data_candidate,candidate_include_after_manifest_and_license_review,138376,c04e97f4d7993e644acc40ba25afacdc6c9b8cd69bec39fe5c31a0a35d9da668
data/results_and_gis/Alternative Metro/45 Mins.csv,data_candidate,candidate_include_after_manifest_and_license_review,141104,e796ec390a2b29f871267cfaf731cb7bc0ddfdcf1996bce1944784839cbf6c60
data/results_and_gis/Alternative Metro/60 Mins.csv,data_candidate,candidate_include_after_manifest_and_license_review,150211,bf505ea59dc66c80f4104614c2786568ee924728acfaff83f2b6b62cdf87f147
data/results_and_gis/Alternative Metro/Accessibility Map Alternative Metro.qgz,data_candidate,candidate_include_after_manifest_and_license_review,235323,e351dd8182bebcb0645d0e129f3769f6a644299b238415cd58a4207feb57920e
data/results_and_gis/Alternative Metro/Alternative Metro LVA.xlsm,data_candidate,candidate_include_after_manifest_and_license_review,376261,5dca4ef6b1dc8bc4032669f8e4bc857668a06c9f3ceb2c7e2123571b5e1b02f2
data/results_and_gis/Alternative Metro/Alternative Metro LVA_v2.csv,data_candidate,candidate_include_after_manifest_and_license_review,290943,d7db38cbf2243bf531830873bc60c9e12a6fcddb72d355bc04763cdad80a5cc0
data/results_and_gis/Alternative Metro/Alternative Metro.qpt,data_candidate,candidate_include_after_manifest_and_license_review,124398,c0bd7c66046099cb2fc31819cccf96b9b055a4ced41000999a31756590eaf870
data/results_and_gis/Alternative Metro/Extensive Light Rail.gpkg,data_candidate,candidate_include_after_manifest_and_license_review,118784,99a28ff6e397f0bb6e87985e2198e22ce8a4a58f9f3ba12c2a65f00d6bd096cf
data/results_and_gis/Alternative Metro/Lightrail Extension + Oxford Street.gpkg,data_candidate,candidate_include_after_manifest_and_license_review,106496,e26283618c9a1589db5daf912dcf4047c839f38526d3aa7f02d36919b58e82d6
data/results_and_gis/Alternative Metro/New template.qpt,data_candidate,candidate_include_after_manifest_and_license_review,123144,271d9b806ad62db4c5e65e13cb7ff011a52bb52b790c8572beaecace203a48d0
data/results_and_gis/Alternative Metro/TravelZone_Uplift.csv,data_candidate,candidate_include_after_manifest_and_license_review,151796,4d3238c33cd4fbe196dc65452cbfe8f7b33e38165a6a9b48f703538800e2be71
data/results_and_gis/Alternative Metro/With Coogee/30 Mins_alt_metro.csv,data_candidate,candidate_include_after_manifest_and_license_review,152653,375f71dd3c9950b3223df4eebf09843e9225b91f3c70e466bf5df717ef1d03cd
data/results_and_gis/Alternative Metro/With Coogee/45 Mins.csv,data_candidate,candidate_include_after_manifest_and_license_review,156346,9c958ca6a608c00a761a7ed00787ec774eda7b995ac2f2d912abe1dc1b74f7a7
data/results_and_gis/Alternative Metro/With Coogee/60 Mins_coogee.csv,data_candidate,candidate_include_after_manifest_and_license_review,158284,96a1e1ebf8d1735e6d2e3d5f30f26c336727091989e9e6d1fc831acd4807d4ef
data/results_and_gis/Alternative Metro/With Coogee/Alternative Metro Coogee LVA_v2.csv,data_candidate,candidate_include_after_manifest_and_license_review,296328,f4a4a30e7605acfcf14987626619cef73714c18384e84d265ce38af437baffbf
data/results_and_gis/Alternative Metro/With Coogee/TravelZone_Uplift.csv,data_candidate,candidate_include_after_manifest_and_license_review,336866,68c30e4bd2582f1642141e18721f3bbaf8e95c5df37bb084da522d33563bfa60
data/results_and_gis/Alternative Metro/With Maroubra/30 Mins_maroubra.csv,data_candidate,candidate_include_after_manifest_and_license_review,154542,9fb5e73f6f5e672b12be80c6b570e8e6dbc0ee70bbaf760f6c4871e62ac1d5cf
data/results_and_gis/Alternative Metro/With Maroubra/45 Mins_maroubra.csv,data_candidate,candidate_include_after_manifest_and_license_review,156344,a1d33a7b0867b88ed1f0ae2a873bf690c10c1053ce7bbeaad300d54408276147
data/results_and_gis/Alternative Metro/With Maroubra/60 Mins_maroubra.csv,data_candidate,candidate_include_after_manifest_and_license_review,158287,de619a4b3111047e0d06d330fd6826700df31d3a11502017f25e1e5ea3a1c028
data/results_and_gis/Alternative Metro/With Maroubra/Alternative Metro Maroubra LVA_v2.csv,data_candidate,candidate_include_after_manifest_and_license_review,298157,01ff1d69274d3d880d3b427f4d90eb9aa0b0cd542d282c7d836bcdafac3f0fa1
data/results_and_gis/Alternative Metro/With Maroubra/Alternative Metro Maroubra LVA_v2.xlsm,data_candidate,candidate_include_after_manifest_and_license_review,310805,93fdf12060b99116e985127fa992c28224e373d3318485b232303d6a3b20d533
data/results_and_gis/Alternative Metro/With Maroubra/TravelZone_Uplift.csv,data_candidate,candidate_include_after_manifest_and_license_review,335287,0ecd708ef6bbf87766dd905cf68a3d3f17de9d29ba7e4c79a68e9b79b75018c3
data/results_and_gis/Alternative Metro/with coogee and maroubra/30 Mins_coogee_maroubra.csv,data_candidate,candidate_include_after_manifest_and_license_review,154539,fdd47f192a8b14953e37afe714595103a8558858d384f1aa0b8f7603208ae3bb
data/results_and_gis/Alternative Metro/with coogee and maroubra/45 Mins_coogee_maroubra.csv,data_candidate,candidate_include_after_manifest_and_license_review,156350,26d6c16a54d55c84241805eb2f696044d9f55c488cf7a9eb3d674a8050b46d11
data/results_and_gis/Alternative Metro/with coogee and maroubra/60 Mins_coogee_maroubra.csv,data_candidate,candidate_include_after_manifest_and_license_review,158285,628d9f8fd164f5685bdcd49708972a4bf0912679f9c57967fee3e2e359b87142
data/results_and_gis/Alternative Metro/with coogee and maroubra/Alternative Metro Coogee and Maroubra LVA_v2.csv,data_candidate,candidate_include_after_manifest_and_license_review,298165,f712214b33a2a7b5e64d7c67ce8ec3adef9e6058aa9c03a69cb57529815258e7
data/results_and_gis/Alternative Metro/with coogee and maroubra/TravelZone_Uplift.csv,data_candidate,candidate_include_after_manifest_and_license_review,335296,a53ecd3db928fc8141736c8ed938677a50ce88f220d07345fd917dc22211de18
data/results_and_gis/Base Case Data/Accessibility Map Base Case v2.qgz,data_candidate,candidate_include_after_manifest_and_license_review,74278,085c00b34bb79a3f3817f16a4c731c02b72acc28e58368fdb6ae145ada637823
data/results_and_gis/Base Case Data/Accessibility Map Base Case.qgz,data_candidate,candidate_include_after_manifest_and_license_review,44352,fefa4b60aec753a1ba0a091a2360a03013469d8bc1c8365d3b0c43bb5b849f80
data/results_and_gis/Base Case Data/Version 2/Accessibility Map Base Case v2.qgz,data_candidate,candidate_include_after_manifest_and_license_review,43072,768f98742508e328158c5861410f5ef24cc9b541fe9c656fa8a88e35ee7a0417
data/results_and_gis/Base Case Data/Version 2/Lightrail.gpkg,data_candidate,candidate_include_after_manifest_and_license_review,98304,2beb18e5d9022cdb2f7dbf11b1976fc1491accd2d2e0dafb749befeb7ac5ff30
data/results_and_gis/Base Case Data/Version 2/base_case_30mins_v2.csv,data_candidate,candidate_include_after_manifest_and_license_review,100065,92da100806547c5b51f661f3113519b86a957d23468b34ba9a79274e65bc5510
data/results_and_gis/Base Case Data/Version 2/base_case_45mins_v2.csv,data_candidate,candidate_include_after_manifest_and_license_review,100070,ba273ffaa87cb9cde97ff3b8cb63458b765fc72f13fc0a5a76ce2d107b34e222
data/results_and_gis/Base Case Data/Version 2/base_case_60mins_v2.csv,data_candidate,candidate_include_after_manifest_and_license_review,100080,89bbe75a12d6723250dec29e90a129b0dd76db3b5c88f86a78a46cfee98e6825
data/results_and_gis/Base Case Data/base LVAv2.csv,data_candidate,candidate_include_after_manifest_and_license_review,310960,7c8ff3444c58a6726695c4a370754a38c04641aed12d407fc8eb7584c6e31bfe
data/results_and_gis/Base Case Data/base_case_30_mins.csv,data_candidate,candidate_include_after_manifest_and_license_review,52113,e0459be5efc219bda371458c47d0db988d0836cd912fa1a9a6c0d0ec06aa9cd4
data/results_and_gis/Base Case Data/base_case_60mins.csv,data_candidate,candidate_include_after_manifest_and_license_review,56792,fe3f91c9ead17cfa02b76c7c9805e3d64d80492089010c1fc04bc3ebc0bdc196
data/results_and_gis/Base Case Data/sa3_access.csv,data_candidate,candidate_include_after_manifest_and_license_review,4008,b34fd700672d804a7f52bedceaf8cf18f62e115e520b770eb3548d83bce42309
data/results_and_gis/Base Case Data/sa4_access.csv,data_candidate,candidate_include_after_manifest_and_license_review,991,0e817dc479dbad1a476e8384467b65c3fcc298e634ff4ff053bff2b946faea27
data/results_and_gis/Bradfield Proposal/30 Min accessibility.csv,data_candidate,candidate_include_after_manifest_and_license_review,87119,71008d93e3f1d9ef7469be163ad2d3743b5df9bc0d2cf8dfe0837ee34419fb6a
data/results_and_gis/Bradfield Proposal/60 Min accessibility.csv,data_candidate,candidate_include_after_manifest_and_license_review,98426,33c50b73c84ff45238270306217a5d539a50cb9a2c52977d80cf0e3af8d7ff24
data/results_and_gis/Bradfield Proposal/Accessibility Map Bradfield v2.qgz,data_candidate,candidate_include_after_manifest_and_license_review,186962,7461e85a879804937a02da10107a02588cdc6911c5864a9227f707edea8ea070
data/results_and_gis/Bradfield Proposal/Accessibility Map Bradfield.qgz,data_candidate,candidate_include_after_manifest_and_license_review,47599,df48e15ec915ba50d7574e0a4877f6267bc2555176b40f389d9f43519a630cbf
data/results_and_gis/Bradfield Proposal/Alternative Metro.gpkg,data_candidate,candidate_include_after_manifest_and_license_review,106496,598857d385bc2ed6b47117e61a5934c11a8eeeb06f37a302864847d0dacd83a0
data/results_and_gis/Bradfield Proposal/Bradfield Full LVA v2.csv,data_candidate,candidate_include_after_manifest_and_license_review,288394,26f1a1fdb0aa5022b85899f7630c5d70774b24a848e8f4bf2c820240548b6ed7
data/results_and_gis/Bradfield Proposal/Bradfield Full LVA.xlsm,data_candidate,candidate_include_after_manifest_and_license_review,465331,b2793958da3a19935e9c190473558601efb28d59619a97101416dda73e2931ca
data/results_and_gis/Bradfield Proposal/Bradfield Malabar and Sydenham.gpkg,data_candidate,candidate_include_after_manifest_and_license_review,106496,25294b3c508db6d2dc858003a0ac78d030a34914c84c99967703c103ad618c64
data/results_and_gis/Bradfield Proposal/Bradfield Malabar and Sydenham.qpt,data_candidate,candidate_include_after_manifest_and_license_review,117406,a1b6c94922c1cd329dfd2e0e8bd9e896730f7c775e74bf2b716e07cede54720b
data/results_and_gis/Bradfield Proposal/Bradfield Malabar.gpkg,data_candidate,candidate_include_after_manifest_and_license_review,106496,7b89d36d8d7cf3cd712a926c62861f30e18713598434142f73d9584d8f39a77f
data/results_and_gis/Bradfield Proposal/Bradfield Malabar.qpt,data_candidate,candidate_include_after_manifest_and_license_review,102618,224dc57dede7552347743823aaa8e958625445868c40e66deecd7815a690ecaf
data/results_and_gis/Bradfield Proposal/Bradfield Sydenham.gpkg,data_candidate,candidate_include_after_manifest_and_license_review,106496,2c18b3d2ee43f15230e434eb0b547da42cde6189221e3a9f1749ea41e9d19bec
data/results_and_gis/Bradfield Proposal/Bradfield Sydenham.qpt,data_candidate,candidate_include_after_manifest_and_license_review,102543,5eddcd84e71b4d5277f7c9407b3a3b8a8d7759c1f40cf6c878366ff4c5cf0bdc
data/results_and_gis/Bradfield Proposal/Bradfield Template.qpt,data_candidate,candidate_include_after_manifest_and_license_review,138416,f69cbb39f3850db2813c79b979ff23690c411c08e29806082b40b54b08b879ea
data/results_and_gis/Bradfield Proposal/Bradfield Vaucluse.gpkg,data_candidate,candidate_include_after_manifest_and_license_review,106496,c4b0c26011e00db098512fef1d01bfcaed35e7f3830d966a6522bd3ee6933deb
data/results_and_gis/Bradfield Proposal/Bradfield Vaucluse.qpt,data_candidate,candidate_include_after_manifest_and_license_review,88674,f3022541ebcdeb8d06796f8bbe1d5ec8a2da29c2e980a1128869fc8f49325c73
data/results_and_gis/Bradfield Proposal/Bradfield_v2 30 min accessibility.csv,data_candidate,candidate_include_after_manifest_and_license_review,156521,d98976d9ab0122a96a7387521df5cc0e9861db9b1bf61fb84bbdd3fb5f7ac55b
data/results_and_gis/Bradfield Proposal/Bradfield_v2 45 min accessibility.csv,data_candidate,candidate_include_after_manifest_and_license_review,159428,d76ba9c7bc7e6a3209860eee6396bfba4b90e08a2a075d34943a442445145ad3
data/results_and_gis/Bradfield Proposal/Bradfield_v2 60 min accessibility.csv,data_candidate,candidate_include_after_manifest_and_license_review,159480,754a509fa13744da21b2dcd5020ce4712d3aed3dfa1bea2913f655ea8b6e8a4a
data/results_and_gis/Bradfield Proposal/Metro 2056 Stage 2.gpkg,data_candidate,candidate_include_after_manifest_and_license_review,106496,b8a480ccdecbeeda118d766c028f78cbc9f446ff10cab300ad26e6f638b3d5c9
data/results_and_gis/Bradfield Proposal/Stage 1/Bradfield Sydenham LVA v2.csv,data_candidate,candidate_include_after_manifest_and_license_review,288219,7ad8b7c0b0851895cf3fcf07774f7afb586c588f9a0a8c902a04c57b9db752fe
data/results_and_gis/Bradfield Proposal/Stage 1/Bradfield Sydenham LVA.xlsm,data_candidate,candidate_include_after_manifest_and_license_review,464488,484d085a54963859a831081e932fda215944fc8dd9d87d513dc48bdfaf27d973
data/results_and_gis/Bradfield Proposal/Stage 1/Bradfield_stage 1 30 mins.csv,data_candidate,candidate_include_after_manifest_and_license_review,156586,b0618dfebf02b6b4893ec460ecd3430ad0c7314ade8fc52f1e7f96ee37488103
data/results_and_gis/Bradfield Proposal/Stage 1/TravelZone_Uplift.csv,data_candidate,candidate_include_after_manifest_and_license_review,308547,5ffdeba658dfea1c889cca1c52bc54b8bdbd6d9e2c29cae643b97dffab26d631
data/results_and_gis/Bradfield Proposal/Stage 1/bradfield_stage 1 45 mins.csv,data_candidate,candidate_include_after_manifest_and_license_review,159532,f279344d27b30e4e2886ff1e4ea05ae1f53f2e7e440c73ce24ec387fc0b5c5cc
data/results_and_gis/Bradfield Proposal/Stage 1/bradfield_stage 1 60 mins.csv,data_candidate,candidate_include_after_manifest_and_license_review,159121,c53cdb9f7e9e923016d475ae6d00e9c60bca6fd45bc3e3834039143c7591f678
data/results_and_gis/Bradfield Proposal/Stage 1 and 2/Bradfield Malabar & Sydenham LVA v2.csv,data_candidate,candidate_include_after_manifest_and_license_review,295337,582a285345cbe227309346230251069ffebf80a95ff828ee8c782b31b196ed5c
data/results_and_gis/Bradfield Proposal/Stage 1 and 2/Bradfield Malabar & Sydenham LVA.xlsm,data_candidate,candidate_include_after_manifest_and_license_review,484748,d204b1250931c6364650b4d015d9773d29d585a117d3dc64e51028ce240b023f
data/results_and_gis/Bradfield Proposal/Stage 1 and 2/Malabar&Sydenham 30 mins.csv,data_candidate,candidate_include_after_manifest_and_license_review,159459,fab47fd7e564d447a0c9cabc259c2d630335876986730bf8051ac904b09a33c2
data/results_and_gis/Bradfield Proposal/Stage 1 and 2/Malabar&Sydenham 45 mins.csv,data_candidate,candidate_include_after_manifest_and_license_review,163175,8584bbb6d98a94dd8ed207d4344a7ad1b6f6391b4a1ca89b6af148ccf73b9772
data/results_and_gis/Bradfield Proposal/Stage 1 and 2/Malabar&Sydenham V2 60mins.csv,data_candidate,candidate_include_after_manifest_and_license_review,155981,015e56aea125c8cff1467a5b6211c5d3ea6bbe07f8df8c5e9e1659b098d00c9d
data/results_and_gis/Bradfield Proposal/Stage 1 and 2/TravelZone_Uplift.csv,data_candidate,candidate_include_after_manifest_and_license_review,338683,f699bd374d5204958592074d081bfd9f7c5930a9bb6de20150b47816cbbffbd8
data/results_and_gis/Bradfield Proposal/Stage 1 and 2/V1/Bradfield Stage 1 and 2 30 mins.csv,data_candidate,candidate_include_after_manifest_and_license_review,161330,16f07c1e6371bb684ecaaea0520c8dbfe80f4c397f15a4b2f807f7922c692396
data/results_and_gis/Bradfield Proposal/Stage 1 and 2/V1/Bradfield Stage 1 and 2 45 mins.csv,data_candidate,candidate_include_after_manifest_and_license_review,164845,eb62275d0615130ea132fcf1aaabf3bfc3ab487953a74daf634f7fa6a7b85988
data/results_and_gis/Bradfield Proposal/Stage 1 and 2/V1/Bradfield Stage 1 and 2 60 mins.csv,data_candidate,candidate_include_after_manifest_and_license_review,170070,d5fb74110b9fc84b81af9ea145100d118a5603b498ee325a4094a5440208c34f
data/results_and_gis/Bradfield Proposal/Stage 2/Bradfield Malabar LVA v2.csv,data_candidate,candidate_include_after_manifest_and_license_review,287574,548a03108f90efc203534ac3f2d3e6fbaf259018512243f4004e0ac586c714f6
data/results_and_gis/Bradfield Proposal/Stage 2/Bradfield Malabar LVA.xlsm,data_candidate,candidate_include_after_manifest_and_license_review,463104,5f7ce526f450e5433c83f42644b7b7ce3b3e73611a54011d08a8dd43c014f151
data/results_and_gis/Bradfield Proposal/Stage 2/TravelZone_Uplift.csv,data_candidate,candidate_include_after_manifest_and_license_review,308276,a2c918fe94a3c0a8553778918b660755e0885436aabdc515d65f39c4b86a0cc1
data/results_and_gis/Bradfield Proposal/Stage 2/bradfield malabar 30 mins.csv,data_candidate,candidate_include_after_manifest_and_license_review,156581,baeca43bc04566531de219ed773434efe295e5927aefa857a90b9ec4367b6ea2
data/results_and_gis/Bradfield Proposal/Stage 2/bradfield malabar 45 mins.csv,data_candidate,candidate_include_after_manifest_and_license_review,159373,5f699d4863eb0e61f15e10c7e32b07d5855cf452fb67b1ba84640fd448163507
data/results_and_gis/Bradfield Proposal/Stage 2/bradfield malabar 60 mins.csv,data_candidate,candidate_include_after_manifest_and_license_review,158657,643c627f4ae8026efcd39ddd5b51e1d05047738bdc0f0796a6548284dbacdec3
data/results_and_gis/Bradfield Proposal/Stage 3/Bradfield Vaucluse 30 mins.csv,data_candidate,candidate_include_after_manifest_and_license_review,156291,87b92b47af6ee8dc2382772ca7aac75f7fb53d9d962cc53c5a7d8ec8a6fb4673
data/results_and_gis/Bradfield Proposal/Stage 3/Bradfield Vaucluse 45 mins.csv,data_candidate,candidate_include_after_manifest_and_license_review,159155,8e807f7c2c449dab25e3d586ec176fe372d4b4a858d2220aeba84423b7f3f13d
data/results_and_gis/Bradfield Proposal/Stage 3/Bradfield Vaucluse 60 mins.csv,data_candidate,candidate_include_after_manifest_and_license_review,158214,bcfd7f4f97d0a5d51cc357b325f6f4ba4b705aa0d5764d5965bfda852d4786c7
data/results_and_gis/Bradfield Proposal/Stage 3/Bradfield Vaucluse LVA v2.csv,data_candidate,candidate_include_after_manifest_and_license_review,286642,cc5b3e1a98f50d8152e97eefb70c885fa01fd8eb789b525ed0eef6d8101091a4
data/results_and_gis/Bradfield Proposal/Stage 3/Bradfield Vaucluse LVA.xlsm,data_candidate,candidate_include_after_manifest_and_license_review,461166,03465961bc72cd01d9e7213b192312e415dd9e1aed7eaa51c9dc5b6770b36b16
data/results_and_gis/Bradfield Proposal/Stage 3/TravelZone_Uplift.csv,data_candidate,candidate_include_after_manifest_and_license_review,308426,c194f93046fc2705ec1a1798cabc32349b9511c8ee4ed3bac9a7d15154e31a6a
data/results_and_gis/Bradfield Proposal/TravelZone_Uplift.csv,data_candidate,candidate_include_after_manifest_and_license_review,310690,49f92147aeb3adf470ad184b4a298616d5de30ea6cbc0814af3e8bcb20a4ecbf
data/results_and_gis/Combination Proposal/30 mins.csv,data_candidate,candidate_include_after_manifest_and_license_review,277718,6b9e050bd5c9ba630da3b8e94bc9e702cb30a877bfdae861067a84fa70757726
data/results_and_gis/Combination Proposal/45 mins combination.csv,data_candidate,candidate_include_after_manifest_and_license_review,139161,b5cd3fc34e5cc2972ecf1d34631d262975f1d5fbe8e960e0223e96d26cd2c86e
data/results_and_gis/Combination Proposal/60 mins combination.csv,data_candidate,candidate_include_after_manifest_and_license_review,155794,8d6c989be0904b1f6c71a3efb80967376639ec13b44e1394a63ad0665437442d
data/results_and_gis/Combination Proposal/Accessibility Map Combination.qgz,data_candidate,candidate_include_after_manifest_and_license_review,272322,a19d2b966e41c83dcdac1eb37a78451c5671dbac047ee4ba451f30c113453bbe
data/results_and_gis/Combination Proposal/Combination LVA v2.csv,data_candidate,candidate_include_after_manifest_and_license_review,264485,0d745add4dd61e9a0745d06074c6484f10028ca95ff9d72896c69330b24ddbb4
data/results_and_gis/Combination Proposal/Combination LVA.xlsm,data_candidate,candidate_include_after_manifest_and_license_review,404341,af72d690690cc62db59ee703cd6a68be4520ec3456c353493fd79ce2d3c39989
data/results_and_gis/Combination Proposal/Combination.qpt,data_candidate,candidate_include_after_manifest_and_license_review,95843,7255e42ffd9cd73ad7f1e41e332e52d034f417027eb34b8994b031e3b55200ef
data/results_and_gis/Combination Proposal/Metro_30mins/Combination Metro LVA v2.csv,data_candidate,candidate_include_after_manifest_and_license_review,294995,44b6daa14db5633a7ac1c343c1c7494476578757dadae8b660e52d4ab0d0f7dc
data/results_and_gis/Combination Proposal/Metro_30mins/Combination Metro LVA.xlsm,data_candidate,candidate_include_after_manifest_and_license_review,486343,65f7436c9313946a30b380da5dc244cc2485f0ae5e2a91bb58c7255b627af3e9
data/results_and_gis/Combination Proposal/Metro_30mins/TravelZone_Uplift.csv,data_candidate,candidate_include_after_manifest_and_license_review,339434,39033b95f8e89b050306639fcb3f55e1b399b3575b9d7477c49246866b316525
data/results_and_gis/Combination Proposal/Metro_30mins/metro_com_30.csv,data_candidate,candidate_include_after_manifest_and_license_review,159459,465bf08668f57f71fe2398610ab92d1562ad0b1124b07014d77677d9d846bf9f
data/results_and_gis/Combination Proposal/Metro_30mins/metro_com_45.csv,data_candidate,candidate_include_after_manifest_and_license_review,163179,f21747dd7800d30f3f0cf5461b06e05461a70a2da876b6a43a671a47a3308b56
data/results_and_gis/Combination Proposal/Metro_30mins/metro_com_60.csv,data_candidate,candidate_include_after_manifest_and_license_review,165090,310d62d5d8f399e355f59adb31e4bc2f63251322b557450fc9e5f2c58fd8d41a
data/results_and_gis/Combination Proposal/V2/Combination v2 LVA v2.csv,data_candidate,candidate_include_after_manifest_and_license_review,297285,ca9aeced218e1f1e50633774341e92e926bbcb19d0169d73d73031cbbc9ddc9f
data/results_and_gis/Combination Proposal/V2/Mills v2 30 Mins.csv,data_candidate,candidate_include_after_manifest_and_license_review,154598,68a349b921908d12c353bf5d76e6023b14ccbbb9893c26631ebf7c4d6bb9bb80
data/results_and_gis/Combination Proposal/V2/Mills v2 45 Mins.csv,data_candidate,candidate_include_after_manifest_and_license_review,154577,8b3d494feb2e4788a82bb13fb64fc813a119c8e8548f711be31321a3e1ba22be
data/results_and_gis/Combination Proposal/V2/Mills v2 60 Mins.csv,data_candidate,candidate_include_after_manifest_and_license_review,158172,0071bf9c6b10e3e13f6c008d03ba97406c26354cc31c0977f64a6bd534779518
data/results_and_gis/Combination Proposal/V2/TravelZone_Uplift.csv,data_candidate,candidate_include_after_manifest_and_license_review,336766,ad99d750a8b092f4039797c9defc5d329249ffd19a8d3f751d04c51977bb1ba0
data/results_and_gis/Lightrail/Accessibility Map Lightrails.qgz,data_candidate,candidate_include_after_manifest_and_license_review,294309,f980d1e2ff9a5d080f0ee9197e71b908d4b656b7e2469bb3c4e67d72363447a3
data/results_and_gis/Lightrail/Extensive/Extensive 30 mins.csv,data_candidate,candidate_include_after_manifest_and_license_review,154469,ed05ac473b9e106b837df6f20ad8dd58d811429a86533d57effe12be193ccc82
data/results_and_gis/Lightrail/Extensive/Extensive 45 Mins.csv,data_candidate,candidate_include_after_manifest_and_license_review,156408,c3b8e6f1ebcfddf4db3e43e036e42ced7ea163978290e9460192412f71dab357
data/results_and_gis/Lightrail/Extensive/Extensive 60 mins.csv,data_candidate,candidate_include_after_manifest_and_license_review,158321,2117371e25d74040d36e5a9c8c9ac48addd5ccedf270268bfe6d49350e68d41e
data/results_and_gis/Lightrail/Extensive/Extensive LVA v2.csv,data_candidate,candidate_include_after_manifest_and_license_review,298648,bb9135a22ebb88e663837571bba1d182fd3e4ef3684af45dc93b69f63e240da7
data/results_and_gis/Lightrail/Extensive/Extensive LVA.xlsm,data_candidate,candidate_include_after_manifest_and_license_review,484706,17164665cb258f2666755e86cae589e6a37055946b58dd7d8bffb68f1fbbe4cd
data/results_and_gis/Lightrail/Extensive/TravelZone_Uplift.csv,data_candidate,candidate_include_after_manifest_and_license_review,333281,77e4c5c54038685fd7f80bbca96ca8155071ac5d5247c1769d1c569a14a11e3e
data/results_and_gis/Lightrail/LVA 2001 Template.qpt,data_candidate,candidate_include_after_manifest_and_license_review,62086,a65e556f1664dbb46a78b4c41afd9833bdccf5b2143a76dbd545dedb840a649d
data/results_and_gis/Lightrail/Light rail extension_v2 60 mins.csv,data_candidate,candidate_include_after_manifest_and_license_review,144803,28216d5330d452478c29b4d452e768d9a0cce919a748bdaf57bd77ec3047e413
data/results_and_gis/Lightrail/Light rail extensionv2 30 mins.csv,data_candidate,candidate_include_after_manifest_and_license_review,142448,24e5682f1880238caf946b22a69d24d71d18855adef33ca3ad125556be707942
data/results_and_gis/Lightrail/LightRail Extension LVA v2.csv,data_candidate,candidate_include_after_manifest_and_license_review,243167,027a94a884e5689d37c2a70db9193d1627870f009d3482c44709074742a6acce
data/results_and_gis/Lightrail/LightRail Extension LVA.xlsm,data_candidate,candidate_include_after_manifest_and_license_review,345486,4b4234bacc1b77265c9a29011a9228136a60bd8536b37f3e45c52d746023f7d2
data/results_and_gis/Lightrail/Lightrail + Oxford St.qpt,data_candidate,candidate_include_after_manifest_and_license_review,75756,b8732274fd2a3c5c035892bb337c3bb6eb46ca768eccc97094ff7edc0164f375
data/results_and_gis/Lightrail/Lightrail.qpt,data_candidate,candidate_include_after_manifest_and_license_review,70127,1d207df111cd61ade9f7d516775ac920f32fa70fd6e3bed1fffd860789346e2f
data/results_and_gis/Lightrail/Oxford Street/Oxford Street 30 mins.csv,data_candidate,candidate_include_after_manifest_and_license_review,204822,95c4dad45a571ab16b82c1db19885391b4087e1dba08a0e8edeaeb2f1c7b1fb7
data/results_and_gis/Lightrail/Oxford Street/Oxford Street 45 mins.csv,data_candidate,candidate_include_after_manifest_and_license_review,208804,7efe94428b3e89c81e8fd9b220773e6ff8585d384e485019eabb60dfcdd193e6
data/results_and_gis/Lightrail/Oxford Street/Oxford Street 60 mins.csv,data_candidate,candidate_include_after_manifest_and_license_review,211033,de2f41fdab52089a45bfdd21f6ab384fa0b7ab48fd2b8cebfe6a518fe6409bdc
data/results_and_gis/Lightrail/Oxford Street/Oxford Street LVA v2.csv,data_candidate,candidate_include_after_manifest_and_license_review,295009,5fe30e84ed9a9502e1eef7e313d1423b37fc22f50beb86775b4ad53106113548
data/results_and_gis/Lightrail/Oxford Street/Oxford Street LVA.xlsm,data_candidate,candidate_include_after_manifest_and_license_review,480555,9bb33a1de784d4343d9996a23e08b056e42b00dde19609c4fa585f64167df5ba
data/results_and_gis/Lightrail/Oxford Street/TravelZone_Uplift.csv,data_candidate,candidate_include_after_manifest_and_license_review,339491,2fc42007c18cf2b8dd6a280760ec807e83fbc218f867b6eb690326e741961d15
data/results_and_gis/Lightrail/TravelZone_Uplift.csv,data_candidate,candidate_include_after_manifest_and_license_review,105262,cb9755c8899c9a147d3ee92ed9accd37df5c9aaa9245d9ede44b31c13347c044
data/results_and_gis/Lightrail/V1/Light rail extension 60 mins.csv,data_candidate,candidate_include_after_manifest_and_license_review,108976,ff0aa44cb6623e6e4c2bdf7c724d070eab2c0c6d2d08b765efbba9e9c932639f
data/results_and_gis/Lightrail/V1/light rail extension 30 mins.csv,data_candidate,candidate_include_after_manifest_and_license_review,99342,a69b2d19c00942841851d84249d25c77c705118492af07d5718bdce546cd1a65
data/results_and_gis/Lightrail/V1/light rail extension 45 mins.csv,data_candidate,candidate_include_after_manifest_and_license_review,103432,561ecbd5dbf6de11843b4d564dec8ef5093cdcf66b5b6fa1a99ee061b6a17935
data/results_and_gis/Lightrail/light rail extension_v2 45 mins.csv,data_candidate,candidate_include_after_manifest_and_license_review,143752,a870133143b600d8bbd802e8084fcc5d1255e790c182319144df46e2834d8635
data/results_and_gis/Lightrail/lightrail extensive.qpt,data_candidate,candidate_include_after_manifest_and_license_review,76379,8dd496a4a2ff6f0c07ae6b49e58470dc2ed795f8069427957ba5558cb7bb4284
data/results_and_gis/TEST UPLIFT.xlsx,data_candidate,candidate_include_after_manifest_and_license_review,271313,91f39e0d58390e8f74512cdc8c05a242cf5ae519f43a61d5b011febd1a50ed58
data/results_and_gis/access ranking.xlsx,data_candidate,candidate_include_after_manifest_and_license_review,36510,8c9af6b578d88a3ea9367545516425e3c92df4ee4ad416044d08c167ec07486c
data/results_and_gis/access rankingv2.xlsx,data_candidate,candidate_include_after_manifest_and_license_review,66294,281a559fa665e2b0615173ec36de7eb9c242acf8dbd97eb86252551b89fa3ab3
data/results_and_gis/temp 60 mins.csv,data_candidate,candidate_include_after_manifest_and_license_review,165156,4dba983a7042423963d08bc41f7180b5350b4dd61508030c4e932bafdfca81d5
data/route_geometries/Existing Lightrail.gpkg,data_candidate,candidate_include_after_manifest_and_license_review,106496,a5f1bded4ee05d8ebcec1a32c04d0208d8d5b6c674128864372ad41385e3961f
data/route_geometries/Layers.zip,data_candidate,candidate_include_after_manifest_and_license_review,18896,6beba19c6cdb076869d93eb386dbf3b3a132fae3f6e7d4a917f7a9579b8b52fa
data/route_geometries/Lightrail Extension.gpkg,data_candidate,candidate_include_after_manifest_and_license_review,98304,1aff87352ad12267aea45c91032442ed6ec564b1e53d75da1ef1eeba0cb18064
data/scenario_gtfs_components/00ca2d5ed12e195d/component.json,data_candidate,candidate_include_after_manifest_and_license_review,534,d3dc7459bcba1dc3ed54665dd6ace2574c8adabad9e6418c832d09dbe4f4768b
data/scenario_gtfs_components/00ca2d5ed12e195d/stop_times.txt.gz.part01,data_candidate,candidate_include_after_manifest_and_license_review,42635843,6afef48b1ceb277475f990c162a01fcdf63124f202b000177a538e838d5bc95c
data/scenario_gtfs_components/06d3b9e5e7f337f0/component.json,data_candidate,candidate_include_after_manifest_and_license_review,538,2a4a82747018f84569937e902547b08cd1ec608f0c43626c61324b0b5023e978
data/scenario_gtfs_components/06d3b9e5e7f337f0/trips.txt.gz.part01,data_candidate,candidate_include_after_manifest_and_license_review,1423223,a0a673bb73007c1a4410000485bbdc536cf87d30e58318535131ecb252a2b1c3
data/scenario_gtfs_components/1077121cfea7267d/component.json,data_candidate,candidate_include_after_manifest_and_license_review,529,a411d5968b6ea5ea27a279e489a77f7a4d751a10cacedfb8c98b3b41e7eb1ca2
data/scenario_gtfs_components/1077121cfea7267d/routes.txt.gz.part01,data_candidate,candidate_include_after_manifest_and_license_review,166550,b304f669a78fa041e4f6acde5503edd4406ed8da44dfb83781fc8f22857827ad
data/scenario_gtfs_components/13001934bf69ef4f/component.json,data_candidate,candidate_include_after_manifest_and_license_review,536,c63f743eb1b8096e096e078be7eb6052f62222bfe66bbf8d1ad2e24176e6caab
data/scenario_gtfs_components/13001934bf69ef4f/stops.txt.gz.part01,data_candidate,candidate_include_after_manifest_and_license_review,4483949,fd8d0cdc79f3cee25f0897bb64b665d8ec574c038b345569e79784ccf9b2ecef
data/scenario_gtfs_components/14e11a15b7875987/component.json,data_candidate,candidate_include_after_manifest_and_license_review,529,d93012e6c81cebffeada51faf5f1f38e0374ea807fc0a3e755af4c66f80faeb6
data/scenario_gtfs_components/14e11a15b7875987/stop_times.txt.gz.part01,data_candidate,candidate_include_after_manifest_and_license_review,42613541,4c57d9b80be62f9f08caaa3f29e9e45c61cdb4b7cb996b6be55a2710545d13f8
data/scenario_gtfs_components/16d1b5e0d2927d01/component.json,data_candidate,candidate_include_after_manifest_and_license_review,538,8a24cea3dc15ad8040394e503eeb33106223dfc34aa5623c282b7bb5bcc85423
data/scenario_gtfs_components/16d1b5e0d2927d01/routes.txt.gz.part01,data_candidate,candidate_include_after_manifest_and_license_review,166298,e17a45e7c340550d84cd72b22dad2e0ee8ea28e56534ac9a0823eb01a7725d08
data/scenario_gtfs_components/1945738545061338/component.json,data_candidate,candidate_include_after_manifest_and_license_review,518,58ea8a0555345e6554d9c12735c6b8adfb8cec75d840f360537dd298da33df05
data/scenario_gtfs_components/1945738545061338/stops.txt.gz.part01,data_candidate,candidate_include_after_manifest_and_license_review,4483745,2dfc4ecca4dba591a78375e8d8d3300a5785b65b37606178ac86812034cbe457
data/scenario_gtfs_components/1c9ebe22418924b4/component.json,data_candidate,candidate_include_after_manifest_and_license_review,530,c43f7a93f02a59571ea23fdcb31e9540135b3b98814844b3b31c9702e80fe0f5
data/scenario_gtfs_components/1c9ebe22418924b4/stop_times.txt.gz.part01,data_candidate,candidate_include_after_manifest_and_license_review,42624277,c0e06d97066893a5a5f8b1849de1b02a4f31424898eaa750ce2837ee82bb822a
data/scenario_gtfs_components/1e0dd1f2e15e7a3e/component.json,data_candidate,candidate_include_after_manifest_and_license_review,541,3a0fbb9eb6c77d66a393e4fd72e6daaf8f1e7f3f596932f14edd4ab45182189b
data/scenario_gtfs_components/1e0dd1f2e15e7a3e/stop_times.txt.gz.part01,data_candidate,candidate_include_after_manifest_and_license_review,48142269,e4e9962d0c809929fb7174f0552cc66e3a824828b594ba46b2ce9c0983612621
data/scenario_gtfs_components/23da8bf7dfe91037/component.json,data_candidate,candidate_include_after_manifest_and_license_review,540,3162547e1bde6df1e2e4e40a456c6fd46f46d6cd8e672db9d8696bb5a7c87e3f
data/scenario_gtfs_components/23da8bf7dfe91037/stop_times.txt.gz.part01,data_candidate,candidate_include_after_manifest_and_license_review,42610010,4b7eb31229e87e44d3dacaf9bf73fd3f64e6af56092975557e5fe7cde718421b
data/scenario_gtfs_components/241e1000dcedd300/component.json,data_candidate,candidate_include_after_manifest_and_license_review,528,ca5678cff94bed2f3e83179df05c87673b1848409aaf9b7f73e08a8b39ee15da
data/scenario_gtfs_components/241e1000dcedd300/trips.txt.gz.part01,data_candidate,candidate_include_after_manifest_and_license_review,1423352,14b1e2f85a4c6dfa260271fa19cbab5df235b3d8c35d3d9e767675295480a045
data/scenario_gtfs_components/262ad41df373e654/component.json,data_candidate,candidate_include_after_manifest_and_license_review,529,62ded7cad8c12f1de6f9aa5c2be3e093f6df563fe6ddbe4442f6a17dab61b19b
data/scenario_gtfs_components/262ad41df373e654/stop_times.txt.gz.part01,data_candidate,candidate_include_after_manifest_and_license_review,42614940,81778a4bb7c361122bfcbff41ef5c6a972cf646ca90dfea0331d6a7b63d7131d
data/scenario_gtfs_components/30a3a0484a1b3419/component.json,data_candidate,candidate_include_after_manifest_and_license_review,547,344c19bb8a86b1287c269c5dfd07a76d5e202ab9c893cb0b77b26a306046edbd
data/scenario_gtfs_components/30a3a0484a1b3419/stop_times.txt.gz.part01,data_candidate,candidate_include_after_manifest_and_license_review,42621458,04ddacafce7978c4663b8a4f868fba909387bb1c7381197b35cdd4a31bfb25ad
data/scenario_gtfs_components/3c47777e3d61bc89/component.json,data_candidate,candidate_include_after_manifest_and_license_review,516,2c8645b8df744fb329efea4b2e91c1016f07596e7d2f42857ab97d33fe9b0ace
data/scenario_gtfs_components/3c47777e3d61bc89/stops.txt.gz.part01,data_candidate,candidate_include_after_manifest_and_license_review,4483548,d04bf91f169cb2c193f3e6a510fb7349be7439d13eaef2e54b1be88b0848e4a1
data/scenario_gtfs_components/3d244cb940840266/agency.txt.gz.part01,data_candidate,candidate_include_after_manifest_and_license_review,4765,bfb82e7c32fd85ab0dc1a6862313977a79afe5fe0faedf639a990fd9f85437d8
data/scenario_gtfs_components/3d244cb940840266/component.json,data_candidate,candidate_include_after_manifest_and_license_review,513,87f3cfa0841179351e534bb23e134708b79cdc580f5f17854c6422f8ab44db47
data/scenario_gtfs_components/3f6f0e423e696a14/component.json,data_candidate,candidate_include_after_manifest_and_license_review,544,5b0d9c3f6bb83b775303a55122ac379c365fc60bd093adae72f6cbee14654821
data/scenario_gtfs_components/3f6f0e423e696a14/stop_times.txt.gz.part01,data_candidate,candidate_include_after_manifest_and_license_review,42623996,7f0e6eb270493f85d5824882cd90d627a243b6cf5611a1fbbeaf07a0a47fabb6
data/scenario_gtfs_components/479435b4014527d7/component.json,data_candidate,candidate_include_after_manifest_and_license_review,528,7525e6d94a854bf7fd3cc139ee864bb895be4645fd90f1498f62f040730f90e6
data/scenario_gtfs_components/479435b4014527d7/stops.txt.gz.part01,data_candidate,candidate_include_after_manifest_and_license_review,4484212,bb86b8cfa5a0c557038eb1ab2e1c7038ab62190c7a93970aa21b4ba6efda035d
data/scenario_gtfs_components/4aceea3628328cd9/component.json,data_candidate,candidate_include_after_manifest_and_license_review,540,fc3ff2c4a955bd6cc7421823e29d90ea48cbf8047d66f440d27c43de153a97c1
data/scenario_gtfs_components/4aceea3628328cd9/stop_times.txt.gz.part01,data_candidate,candidate_include_after_manifest_and_license_review,42617826,4cba657d7fd617918dd86d23751e3ecf4d6fd91d73321101a441414e08b174ff
data/scenario_gtfs_components/4b9fc995a4c7c985/component.json,data_candidate,candidate_include_after_manifest_and_license_review,532,183cbb3c818a195070ab295acd66d36383e312b0f14a3e3fa0fe70e2c70724da
data/scenario_gtfs_components/4b9fc995a4c7c985/trips.txt.gz.part01,data_candidate,candidate_include_after_manifest_and_license_review,1425248,1410d1b38d57906445fcd956e152e37ff21f89255917cacdf3a1fdad7ec90ed4
data/scenario_gtfs_components/51600650d39529a3/component.json,data_candidate,candidate_include_after_manifest_and_license_review,532,647a532da2bf0445eaa51104ddf876f5f7ddcdc7c4158457d1cc3f35a38effd3
data/scenario_gtfs_components/51600650d39529a3/routes.txt.gz.part01,data_candidate,candidate_include_after_manifest_and_license_review,166476,7ff40cf5ea552c39f7563aca5c1dc56aeee63e929dc56c7fa214da8b37d7e933
data/scenario_gtfs_components/5d3a90a5c8291742/component.json,data_candidate,candidate_include_after_manifest_and_license_review,532,65ef01b92f1d0ef6b7300653f9bc717f63b55a34589b557d5395906504983e4b
data/scenario_gtfs_components/5d3a90a5c8291742/stops.txt.gz.part01,data_candidate,candidate_include_after_manifest_and_license_review,4510999,d25153422f2e7a582c8e15df6b36d7c5d5488199ed800a19168a60473d5c0e77
data/scenario_gtfs_components/621b09f1e011e3b5/component.json,data_candidate,candidate_include_after_manifest_and_license_review,536,df3f2b7125bc2fe7b5642f492402bbd795d5467fb56bde754d6822d95fc66b8d
data/scenario_gtfs_components/621b09f1e011e3b5/stop_times.txt.gz.part01,data_candidate,candidate_include_after_manifest_and_license_review,42608163,17488590461a361b283cc6a6d7734edd44b35acd5c4a77d65c467a4fd3a6fda3
data/scenario_gtfs_components/6548039d1dea098c/component.json,data_candidate,candidate_include_after_manifest_and_license_review,538,29a2511b532b1ae2bbfb44e4dec2b8450ab6dc3d036d78acbc4a14736f393c11
data/scenario_gtfs_components/6548039d1dea098c/stop_times.txt.gz.part01,data_candidate,candidate_include_after_manifest_and_license_review,42613041,66fb380f17f3b4a7d4db0a27b148b84e830c36c6024190cc45c4268c37590ca2
data/scenario_gtfs_components/689619b2b553423b/component.json,data_candidate,candidate_include_after_manifest_and_license_review,530,8d6a35d91d4e1e72cb5c0b154cfdfe0d3b27bf101f6b988c59f02d4d49ac1557
data/scenario_gtfs_components/689619b2b553423b/stop_times.txt.gz.part01,data_candidate,candidate_include_after_manifest_and_license_review,42618051,69d9b974972e937296a5a7b5da7fa979a5b93bd982efa79613cc7841277dfdea
data/scenario_gtfs_components/6f30bd305544cee7/component.json,data_candidate,candidate_include_after_manifest_and_license_review,540,097d0a520f2e2655c974097fd16d61d0787ff4dd6bbb948f31dab5b8212411a5
data/scenario_gtfs_components/6f30bd305544cee7/stop_times.txt.gz.part01,data_candidate,candidate_include_after_manifest_and_license_review,42610208,605cc68018f1628e08ef3efd96d13c20605bba8a9684b0f97918e6253c773136
data/scenario_gtfs_components/79950142414c71f1/component.json,data_candidate,candidate_include_after_manifest_and_license_review,544,58d38ae91e033b016c243df27afa88f3820d0e1ca8b630d3fb88d02723eb73b5
data/scenario_gtfs_components/79950142414c71f1/stop_times.txt.gz.part01,data_candidate,candidate_include_after_manifest_and_license_review,42746762,77cfc592b2a6303bc32e966cc912f143253d9811ff94ec3b52ed41d2772ebe83
data/scenario_gtfs_components/7df1fbf202aa356f/component.json,data_candidate,candidate_include_after_manifest_and_license_review,550,0f82b86656a797fb5ce315c48298b815bd28341f8f41b5e061ed2b4b9230d3f7
data/scenario_gtfs_components/7df1fbf202aa356f/stop_times.txt.gz.part01,data_candidate,candidate_include_after_manifest_and_license_review,42620710,b9493a10335a8764cda06d9c6a6e7070ae2e7635e3a3df5bc35ddaebdf636bdb
data/scenario_gtfs_components/7fb141f5e79ed15c/component.json,data_candidate,candidate_include_after_manifest_and_license_review,533,37228594ff992610717e8bcb9e3a717bdb7539e475bb947fc6fbe4a568289ab2
data/scenario_gtfs_components/7fb141f5e79ed15c/stop_times.txt.gz.part01,data_candidate,candidate_include_after_manifest_and_license_review,42626541,597ff9d766adefde7bf3a712fb9772489d86fcfd54e374fefc6b9ed6c1c73fdb
data/scenario_gtfs_components/8036aabb64bffffa/component.json,data_candidate,candidate_include_after_manifest_and_license_review,509,1198d8918bfc8925ee70c247dc7990f76172d7335b7b49f45a629b0c156d17ec
data/scenario_gtfs_components/8036aabb64bffffa/levels.txt.gz.part01,data_candidate,candidate_include_after_manifest_and_license_review,91,de090cc91af09acd3b33cca9f3cc9014e7191bbb57f68fa11ecb481cdf60987a
data/scenario_gtfs_components/8308fd8ad39a82da/component.json,data_candidate,candidate_include_after_manifest_and_license_review,519,e9dd0446f6747776b51a94908e8e7c01c6e0bedd1086fc9736312ed194c66e0f
data/scenario_gtfs_components/8308fd8ad39a82da/pathways.txt.gz.part01,data_candidate,candidate_include_after_manifest_and_license_review,48714,a78909d0aff6559f60b572b4376039130e08bc40a0d58026f57464bfac3ddc16
data/scenario_gtfs_components/8319f580aaa91d48/component.json,data_candidate,candidate_include_after_manifest_and_license_review,529,cc7dbaf1686f72244aaed98e51d11f532ea2256953f53c374c5c022bf1674c56
data/scenario_gtfs_components/8319f580aaa91d48/stops.txt.gz.part01,data_candidate,candidate_include_after_manifest_and_license_review,4509938,9870b257e86da75cf3e881ec79df2435a0494d0e3221293d45b6afbaf2f96ff8
data/scenario_gtfs_components/83f9519c18620514/calendar.txt.gz.part01,data_candidate,candidate_include_after_manifest_and_license_review,10507,f2e9c5b13470a99d049bedb84813d6111236994891a4d7dad7622ebe94a4794d
data/scenario_gtfs_components/83f9519c18620514/component.json,data_candidate,candidate_include_after_manifest_and_license_review,519,1d69bca4d70c27b5f4c1fb6ea7342b7dddf791000e03a2ad874e191052355227
data/scenario_gtfs_components/92315b47fd2c6f7a/component.json,data_candidate,candidate_include_after_manifest_and_license_review,518,6e9904dd45f88af5fdbf6e85767fcbd181a4a2126533074be6a35a4c02229ff8
data/scenario_gtfs_components/92315b47fd2c6f7a/stops.txt.gz.part01,data_candidate,candidate_include_after_manifest_and_license_review,4483968,1e82d74b1e6fe3f05e3ec3f9935cef819c8c0615c678408958ddcdb851b0762e
data/scenario_gtfs_components/993e50f066cb9149/component.json,data_candidate,candidate_include_after_manifest_and_license_review,538,79fdf607ec3dc14e11cce217c112b560351a38bec1685f892eec6c3caa3c0d32
data/scenario_gtfs_components/993e50f066cb9149/stops.txt.gz.part01,data_candidate,candidate_include_after_manifest_and_license_review,4484616,9393bbae2462a21ff3c1418151c7c7f83943cf1e566c11b77de44e8b18c965a2
data/scenario_gtfs_components/9b92c53dc5b3a598/component.json,data_candidate,candidate_include_after_manifest_and_license_review,530,54acc8c946b022ccdec893358cddb11cd3e9649c5967f8fdf8b4efd566b5be55
data/scenario_gtfs_components/9b92c53dc5b3a598/stop_times.txt.gz.part01,data_candidate,candidate_include_after_manifest_and_license_review,42623876,b89313c61276ee5f48254386468f3805b4c9e873c439ad4ad1deb1e5e0c8f484
data/scenario_gtfs_components/9cc64a8009cd2f90/component.json,data_candidate,candidate_include_after_manifest_and_license_review,517,f3ad4a2df2c09922148d76a907cff72a4850db75a717828954eb82b3628e2503
data/scenario_gtfs_components/9cc64a8009cd2f90/trips.txt.gz.part01,data_candidate,candidate_include_after_manifest_and_license_review,1423126,69e9b96413fca4d76bca754d76ed956ca901885beb7756546cc025a34e1693ed
data/scenario_gtfs_components/README.md,documentation,supporting_documentation,439,7810c6185b9dac4b62cac7610e238af11127869b303fd86c1f8d8e86440afa4a
data/scenario_gtfs_components/a35e5896244d81c8/component.json,data_candidate,candidate_include_after_manifest_and_license_review,529,a35734eba2788b4dac105f80daa6ae37cc9ab6218e803ef7426174f885cf87dd
data/scenario_gtfs_components/a35e5896244d81c8/stop_times.txt.gz.part01,data_candidate,candidate_include_after_manifest_and_license_review,42636578,c37c55ce1d9de0a98b67073d38ab1d2df94eb2f702c42d6c57ed157815bef73c
data/scenario_gtfs_components/ad17445129f3147c/component.json,data_candidate,candidate_include_after_manifest_and_license_review,517,6505c9f27f4281da24b063b4c7a36cda3d5bd771f70fc8e13b173e29218709f4
data/scenario_gtfs_components/ad17445129f3147c/routes.txt.gz.part01,data_candidate,candidate_include_after_manifest_and_license_review,166285,8b6055eb8d0f90c019862c2b5fcb92e86dd548832a72e0c9feab35d3fa6ada54
data/scenario_gtfs_components/b270d6b972a01766/component.json,data_candidate,candidate_include_after_manifest_and_license_review,517,727c07441d001ea1a3fc53333b5ee7ac4bcd23b0388f83493698dc03f214ba37
data/scenario_gtfs_components/b270d6b972a01766/stops.txt.gz.part01,data_candidate,candidate_include_after_manifest_and_license_review,4483608,35689f2efcdbf4b64ea569115b0f46c156bc81ada2230227a88df0aa8ce49750
data/scenario_gtfs_components/b36b87d3ac0c5c86/component.json,data_candidate,candidate_include_after_manifest_and_license_review,521,0e79be04208f572cf6ffeee9862aecc5e19fa85880e5e1fe5ecbbdc3e9e1a83d
data/scenario_gtfs_components/b36b87d3ac0c5c86/stops.txt.gz.part01,data_candidate,candidate_include_after_manifest_and_license_review,4483829,70721c088082bafc77c7ca0a276014c392e27ad83b72af555af5673a03aac555
data/scenario_gtfs_components/b874fb7fe9f7c216/calendar_dates.txt.gz.part01,data_candidate,candidate_include_after_manifest_and_license_review,71008,a40faf924596d335fee73cb92d8ac0e726045fa657f08d6421b65ef665df9547
data/scenario_gtfs_components/b874fb7fe9f7c216/component.json,data_candidate,candidate_include_after_manifest_and_license_review,531,d499e5064d194c5f687888c94df38ab3eb7b384b06aed18e313ff663c4c699b2
data/scenario_gtfs_components/ba64ff480176a77f/component.json,data_candidate,candidate_include_after_manifest_and_license_review,528,1b838d6ac2382bf7f108333fadd2ae4f83f53fe530dbd312e01f8836f912eec2
data/scenario_gtfs_components/ba64ff480176a77f/stops.txt.gz.part01,data_candidate,candidate_include_after_manifest_and_license_review,4484300,9416917445f8f4b633a3da114fc49e938d4bc24b961f84531efd378642f96e33
data/scenario_gtfs_components/bf64220af19d91e2/component.json,data_candidate,candidate_include_after_manifest_and_license_review,536,d1536b56307ccc4141d19c7417ca176a22aa421cc05ac43e21448508f1a50c90
data/scenario_gtfs_components/bf64220af19d91e2/stop_times.txt.gz.part01,data_candidate,candidate_include_after_manifest_and_license_review,42608284,ba4f7bfbe3c2b3647790a6ded8e3127abb930effbd970929d02cbca6b338cf07
data/scenario_gtfs_components/c1b447e32893fbca/component.json,data_candidate,candidate_include_after_manifest_and_license_review,541,565e6fea07a803703dd3e5b6e4b5d025254a310b39dced269d480c253f94c759
data/scenario_gtfs_components/c1b447e32893fbca/stop_times.txt.gz.part01,data_candidate,candidate_include_after_manifest_and_license_review,42619416,db940006626f524c6a252a235c680f731de4c607591369e6010a1fc64e438401
data/scenario_gtfs_components/c5e58fb61a938e81/component.json,data_candidate,candidate_include_after_manifest_and_license_review,527,b4a3a7339ceec5e541eff1b009c812e7e5c2db47398e3cd5343a8c05b9c4155e
data/scenario_gtfs_components/c5e58fb61a938e81/stops.txt.gz.part01,data_candidate,candidate_include_after_manifest_and_license_review,4483950,840d33e309f48cb2fd3e155aa823e979e4e6ee926d1a81bbad730d5ecd276556
data/scenario_gtfs_components/c6148d91a925c3b4/component.json,data_candidate,candidate_include_after_manifest_and_license_review,535,749fa65558fdc4c6844aeb8d560375cb452f2830a865eda766a23aced5ad6e72
data/scenario_gtfs_components/c6148d91a925c3b4/stops.txt.gz.part01,data_candidate,candidate_include_after_manifest_and_license_review,4484496,5ee743592cf058ad7984e28caaa83bd140d58b9aeec40220b4d438e449d84552
data/scenario_gtfs_components/c7d1b93111cd3149/component.json,data_candidate,candidate_include_after_manifest_and_license_review,512,252106a911352f95a73f1e234e6cce52bf3b461adcf8e1889f12b651f0b9259a
data/scenario_gtfs_components/c7d1b93111cd3149/notes.txt.gz.part01,data_candidate,candidate_include_after_manifest_and_license_review,19263,e46b336920e4eb028b6e83b0e392e304e1019958abf2cdcc66aa878da276b523
data/scenario_gtfs_components/da72da66748aad56/component.json,data_candidate,candidate_include_after_manifest_and_license_review,525,9e8342d4110c674dfee15cbad77e2f392ff212f1449a6d91f8a2faadbb58e8ac
data/scenario_gtfs_components/da72da66748aad56/stops.txt.gz.part01,data_candidate,candidate_include_after_manifest_and_license_review,4484001,c02a6b980622c40f69e17b6f7c15c5894081b981ee7b0308fc3342dcf30ffb9c
data/scenario_gtfs_components/dda0af8cbee053ca/component.json,data_candidate,candidate_include_after_manifest_and_license_review,548,cde576dbec7b2b446481ddec59a85e0a803a825e6e978a88c0d04b532913d637
data/scenario_gtfs_components/dda0af8cbee053ca/stop_times.txt.gz.part01,data_candidate,candidate_include_after_manifest_and_license_review,42615312,a10f8af050359c51b4d27a4d719871d2cb12c80d432eee1cb9c105877b18f508
data/scenario_gtfs_components/df836b6d56b3d300/component.json,data_candidate,candidate_include_after_manifest_and_license_review,517,ecb3bf492be2fa44417da2ec769272ae8e2feb14c3f7e84bb16fcaa655f9824c
data/scenario_gtfs_components/df836b6d56b3d300/stops.txt.gz.part01,data_candidate,candidate_include_after_manifest_and_license_review,4483705,c5bf97010d9beb19fc9da9ff9a0c2e6c313e026fb94b6c79f3224c32818d8342
data/scenario_gtfs_components/e36c6a38bf4b73ef/component.json,data_candidate,candidate_include_after_manifest_and_license_review,526,bc5630156500e3210ba0f2ccafb28f7313ca317a9cf02ced81059b70e63e5032
data/scenario_gtfs_components/e36c6a38bf4b73ef/stops.txt.gz.part01,data_candidate,candidate_include_after_manifest_and_license_review,4484131,071a1241617447e2053a80ebad896de18a210a78cccff7564c6de4a15f157ece
data/scenario_gtfs_components/ec3fa16615993c39/component.json,data_candidate,candidate_include_after_manifest_and_license_review,528,b1c453e5b5f4b25737749674853d19b1af8532c350a92395fca200bccecca41d
data/scenario_gtfs_components/ec3fa16615993c39/stop_times.txt.gz.part01,data_candidate,candidate_include_after_manifest_and_license_review,47920240,081ae07eb01c54ff4142f1c311738f3419b9808078a31dc35c1476a8d43ea6d2
data/scenario_gtfs_components/efdd6558ba8a3f76/component.json,data_candidate,candidate_include_after_manifest_and_license_review,539,b4668493de6feba4ddf1c906d08d1c51c47f3594a979d54cd8f7699fe6f62128
data/scenario_gtfs_components/efdd6558ba8a3f76/stop_times.txt.gz.part01,data_candidate,candidate_include_after_manifest_and_license_review,42627099,8b82d8cde89513963af452523cff94e8e7565b749b8c4debe49d4ead71c05052
data/scenario_gtfs_components/f2d8b650d695ace2/component.json,data_candidate,candidate_include_after_manifest_and_license_review,529,078dddc62c2a610b97f71213898c8d1a5013e4afc10c648f894644193ccaca91
data/scenario_gtfs_components/f2d8b650d695ace2/stops.txt.gz.part01,data_candidate,candidate_include_after_manifest_and_license_review,4484131,c2b76a10672d1083d3e85b859ea33d5e61afc9cae1d900946548c5224e9b77bc
data/scenario_gtfs_components/f59b0df0f0746d17/component.json,data_candidate,candidate_include_after_manifest_and_license_review,518,e7522ae221328b5ec5ff34ab8f47b1401b7d738715d98db08fea47d1445b63b4
data/scenario_gtfs_components/f59b0df0f0746d17/stops.txt.gz.part01,data_candidate,candidate_include_after_manifest_and_license_review,4483948,558eb9e3ac188f690b9eb7214eb420a9df4dfed703710130fbd2ddbf41e4d224
data/scenario_gtfs_components/fb2e62f9f4ca1b69/component.json,data_candidate,candidate_include_after_manifest_and_license_review,524,f372712371efd907b62952e7164be7df19beb889ae8056aa9a781883f54c52ab
data/scenario_gtfs_components/fb2e62f9f4ca1b69/stops.txt.gz.part01,data_candidate,candidate_include_after_manifest_and_license_review,4483991,f758e18318bde1ea1dbe9418e2366171531623e268e17e38c040a70071d4e276
data/scenario_gtfs_components/fb51d1dc66fa27d4/component.json,data_candidate,candidate_include_after_manifest_and_license_review,528,0195429994cf2c1762cbb3a097763a065d1cfaa77d2072cc18f3707e84bb7a12
data/scenario_gtfs_components/fb51d1dc66fa27d4/routes.txt.gz.part01,data_candidate,candidate_include_after_manifest_and_license_review,166299,1255316b56ab7628443cdb95f52539a5859805643ec19f12dd9921d2655df7db
data/scenario_gtfs_components/fcffedd27ca03707/component.json,data_candidate,candidate_include_after_manifest_and_license_review,529,4e55ced145ab9525bdcb4c2dfa4c07fa0c5c75b935d98c1ff75d03795700b4d1
data/scenario_gtfs_components/fcffedd27ca03707/trips.txt.gz.part01,data_candidate,candidate_include_after_manifest_and_license_review,1426502,6af45fe222cbb80560344ee51467f1c14dc42ee797d864d4977464542c5b95a6
data/scenario_gtfs_components/fd689ba353d09d80/component.json,data_candidate,candidate_include_after_manifest_and_license_review,548,e1bbeaefdd7ebf3f3e884e19c16e1685d19d3cda31d7395be34d0bc023f359f1
data/scenario_gtfs_components/fd689ba353d09d80/stop_times.txt.gz.part01,data_candidate,candidate_include_after_manifest_and_license_review,42629788,69d80f5cb17d45eff62ac9bab033ebb0785d6263feb4f3710dcb7c5042151e90
data/scenario_gtfs_no_shapes/README.md,documentation,supporting_documentation,287,a7e46a885dda603e654a500aa021abc145761a48f6f41c1b0f6a04383e1c2843
data/source_inputs/tfnsw_travel_zones_2016/sorted_TZ_NSW_2016.cpg,data_candidate,candidate_include_after_manifest_and_license_review,10,09fc313075748ce8ead962229ed89c919d5a9ff71974ee725a0b48bb87d975a2
data/source_inputs/tfnsw_travel_zones_2016/sorted_TZ_NSW_2016.dbf,data_candidate,candidate_include_after_manifest_and_license_review,462364,6b92f2f55f52d5ffef299e5c3b20526642f9fd66c11a7ccca5cc978d22f2395b
data/source_inputs/tfnsw_travel_zones_2016/sorted_TZ_NSW_2016.prj,data_candidate,candidate_include_after_manifest_and_license_review,462,d0a3579ed0d98e35be16099d637f16b5fe3624f09d18eba3d5abefa3dbdad275
data/source_inputs/tfnsw_travel_zones_2016/sorted_TZ_NSW_2016.shp,data_candidate,candidate_include_after_manifest_and_license_review,38473312,493cfe8b3389942cf8f27a4a2adb04434ad935254e982e46dc3804b5b77bf2a9
data/source_inputs/tfnsw_travel_zones_2016/sorted_TZ_NSW_2016.shx,data_candidate,candidate_include_after_manifest_and_license_review,30164,9f1828de70481dfb4d2391c609829cb604947529f636ac6ccf07f4e3e0843ca3
data/source_inputs/travel_zone_population_jobs/filtered_merge_travel_zones_population_jobs.csv,data_candidate,candidate_include_after_manifest_and_license_review,16687026,0ac3cd44c4363e1707eead4e38f3239d6eec6f8c91b92c24b6df7de068611480
documentation/EXACT_DUPLICATES_REMOVED.md,documentation,supporting_documentation,384,75962e54ada21b9f866352a3917e5f861076d632725365305c1c2e48f6a668d9
documentation/GTFS_COMPONENT_DEDUPLICATION.md,documentation,supporting_documentation,989,306c8cb58904d500ab8acf8633d02204852173f483ac53fc9c4487cb972cc3f6
documentation/GTFS_SHAPES_DEDUPLICATION.md,documentation,supporting_documentation,1268,a00289317b50859bf992baf1e5d3fe537b2b9fca8b9e123b63901fab122c42ff
documentation/PACKAGE_BOUNDARY.md,documentation,supporting_documentation,1850,41ba970d26c5536076b96812175db42882c6567651b071357a7162961e006784
documentation/paper_source/bib.bib,documentation,supporting_documentation,29552,af145ae4347031b68fe705487803ef9f177c0ec00ca4fa5dcaa96e5be3b0c415
documentation/paper_source/main.tex,documentation,supporting_documentation,61357,a893ad343ab744d6de95cfa4e5620ae6d52819c36ebc77e194e5dd88a1b757f0
documentation/source_notes/NEW_ROUTE.txt,documentation,supporting_documentation,35987,2f7046c89a53e782f20908a3eb451664927911e20f6d22e675d871db6175ab9f
metadata/CSV_DATA_DICTIONARY.csv,documentation,supporting_documentation,126005,81ef60cc4b3838ec8bc6270a7c5414fd7528eb6e907dc74bf4f2076b16272329
metadata/EXACT_DUPLICATE_FILE_ACTIONS.csv,documentation,supporting_documentation,1839,a92c84e34d9ddb9edf94fbb14f7665f86e7c5498caa6dce8b33f3eb1f3ff3af4
metadata/GTFS_COMPONENT_MANIFEST.csv,documentation,supporting_documentation,115334,cae32967ab91f41e52b3828c3475e9aee4a0022cb8a9c44ab6786b6e4128c931
metadata/GTFS_COMPONENT_SUMMARY.csv,documentation,supporting_documentation,10973,94b5ee1645708fafad9bc2a2094ee382cdf7087c21ebf18623258a980d375622
metadata/GTFS_SHAPES_DEDUP_MANIFEST.csv,documentation,supporting_documentation,23405,8034d44a8f1f4722d25b94cd48686b59a889ab3d993e420a16be42b132f45391
metadata/GTFS_TRANSFORMATION_MANIFEST.csv,documentation,supporting_documentation,14350,10e942866307d87769fb5711b73555520efde4d8fd1044e3afb14fcaa76c8603
metadata/NOTEBOOK_CONVERSION_MANIFEST.csv,documentation,supporting_documentation,18737,f0073fb7e7f6d35c305ffb28a74c3f1b7e903e654cce36313e09a48c4cd107ff
metadata/PACKAGE_FILE_MANIFEST.csv,documentation,supporting_documentation,62146,1b1ff1ad719c2737ace87530e2aca6d7bbc30e06aeee0587f1f6c7c0244f3712
metadata/REMOVED_SCENARIO_GTFS_ZIPS.csv,documentation,supporting_documentation,8619,54c9a4287e9b429d6b640603579d0c533f22a0b22b4ed77b8fc495d49882975a
metadata/SOURCE_FILE_DECISIONS.csv,documentation,supporting_documentation,154032,68429ff87b9eab5c8d7b024b383bf3dbe4ef53db7507286083a51a11c121c774
metadata/WORKBOOK_SHEETS.csv,documentation,supporting_documentation,6501,9e320103ba14dc0d9ac72dde687c2ff379515c15a7678b4e6e1dc7c2b9e927c2
paper/Missed_Opportunities_CSTP_2026.pdf,paper_reference,include_public_reference_copy_by_owner_decision,6573452,412b7b8bb88e0052a26ffa052b10325e135f56087fda62e096e231dc069e90de
